equity,drawdown,position
9999.99973,2.700000004551839e-08,1
9999.9996,4.000000008090865e-08,1
10000.000049999999,0.0,1
9999.99959,4.599999969933591e-08,1
9999.99793,2.1199999885949885e-07,1
9999.99605,3.9999999789959184e-07,1
9999.99395,6.099999968196149e-07,1
9999.99114,8.909999954100166e-07,1
9999.98942,1.0629999945705057e-06,1
9999.98822,1.1829999940313327e-06,1
9999.9872,1.2849999934911811e-06,1
9999.98656,1.3489999931914957e-06,1
9999.9856,1.444999992651018e-06,1
9999.98367,1.6379999917216993e-06,1
9999.98135,1.8699999905216523e-06,1
9999.98031,1.9739999899209767e-06,1
9999.978710000001,2.1339999890808134e-06,1
9999.97723,2.281999988421897e-06,1
9999.97572,2.4329999876721934e-06,1
9999.9748,2.5249999872527644e-06,1
9999.9751,2.4949999874330324e-06,1
9999.974339999999,2.570999987133999e-06,1
9999.972899999999,2.714999986414232e-06,1
9999.971339999998,2.870999985695117e-06,1
9999.970859999998,2.918999985515828e-06,1
9999.971449999997,2.8599999858461016e-06,1
9999.972729999998,2.731999986445473e-06,1
9999.975319999998,2.4729999877350013e-06,1
9999.978329999998,2.171999989204145e-06,1
9999.981429999998,1.8619999907637494e-06,1
9999.983229999998,1.6819999916634583e-06,1
9999.983769999997,1.6279999920243205e-06,1
9999.983499999997,1.6549999919348388e-06,1
9999.983979999997,1.6069999921141284e-06,1
9999.984179999998,1.586999992173674e-06,1
9999.984129999997,1.5919999922042624e-06,1
9999.983869999996,1.6179999921450427e-06,1
9999.985289999997,1.4759999928042856e-06,1
9999.986379999997,1.3669999933743732e-06,1
9999.987339999996,1.270999993914851e-06,1
9999.987719999996,1.232999994155317e-06,1
9999.988479999996,1.15699999445435e-06,1
9999.989009999996,1.10399999478495e-06,1
9999.989439999996,1.0609999949948278e-06,1
9999.989239999995,1.0809999949352822e-06,1
9999.988979999995,1.1069999948760626e-06,1
9999.982299999994,1.7749999915775649e-06,1
9999.979149999994,2.089999990048549e-06,1
9999.974929999993,2.51199998800997e-06,1
9999.970709999992,2.9339999859713906e-06,1
9999.966029999992,3.4019999836321473e-06,1
9999.961089999992,3.895999981233685e-06,1
9999.959049999992,4.099999980153382e-06,1
9999.955929999993,4.411999978533253e-06,1
9999.950789999994,4.925999975893346e-06,1
9999.946409999993,5.36399997373437e-06,1
9999.941479999994,5.856999971184271e-06,1
9999.936319999993,6.372999968665739e-06,1
9999.930299999993,6.9749999657274504e-06,1
9999.923449999993,7.659999962278294e-06,1
9999.916599999993,8.344999958829137e-06,1
9999.909699999993,9.03499995541057e-06,1
9999.902639999993,9.740999951871607e-06,1
9999.895499999993,1.0454999948272444e-05,1
9999.887369999993,1.1267999944223917e-05,1
9999.879009999993,1.2103999940025058e-05,1
9999.871369999993,1.2867999936186082e-05,1
9999.863959999993,1.3608999932497439e-05,1
9999.857069999993,1.4297999929109134e-05,1
9999.849559999993,1.5048999925299767e-05,1
9999.842289999993,1.5775999921670997e-05,1
9999.834589999993,1.6545999917832346e-05,1
9999.825749999993,1.74299999134542e-05,1
9999.817079999993,1.829699990904481e-05,1
9999.808569999994,1.9147999904755814e-05,1
9999.800589999993,1.9945999900797424e-05,1
9999.792349999994,2.076999989659791e-05,1
9999.784109999995,2.15939998923984e-05,1
9999.776569999995,2.2347999888680145e-05,1
9999.770259999994,2.297899988559185e-05,1
9999.764159999993,2.3588999882593367e-05,1
9999.758059999993,2.419899987959488e-05,1
9999.751279999993,2.487699987617566e-05,1
9999.744539999992,2.5550999872877488e-05,1
9999.737539999993,2.62509998693382e-05,1
9999.730919999993,2.6912999866039376e-05,1
9999.723859999993,2.761899986250041e-05,1
9999.716679999992,7.180198274512042e-07,1
9999.710619999993,1.324036561967975e-06,1
9999.703829999993,2.0030553123372657e-06,1
9999.698189999994,2.567070887003624e-06,1
9999.692689999994,3.1170860750531778e-06,1
9999.688179999994,3.5680985293775067e-06,1
9999.683479999994,4.038111508266139e-06,1
9999.678439999994,4.542125426107282e-06,1
9999.673929999994,4.993137880431611e-06,1
9999.669199999993,5.466150942270645e-06,1
9999.664309999993,5.955164445905484e-06,1
9999.659809999994,6.405176872458409e-06,1
9999.654259999994,6.960192198637366e-06,1
9999.648699999994,7.516207552405822e-06,1
9999.642579999994,8.128224452641495e-06,1
9999.636379999994,8.74824157377507e-06,1
9999.630299999995,9.35625836347084e-06,1
9999.624079999996,9.978275539783415e-06,1
9999.617539999996,1.06322935998695e-05,1
9999.611459999996,1.1240310389565271e-05,1
9999.604959999997,1.1890328339111453e-05,1
9999.599079999996,1.2478344576653421e-05,1
9999.592499999997,1.3136362747097506e-05,1
9999.586119999996,1.3774380365387787e-05,1
9999.581009999996,1.4285394476537332e-05,1
9999.575789999997,1.4807408891353277e-05,1
9999.570909999997,1.5295422367398616e-05,1
9999.566129999997,1.577343556718515e-05,1
9999.562589999998,1.612744534278135e-05,1
9999.559909999998,1.6395452743497726e-05,1
9999.557169999998,1.6669460309933002e-05,1
9999.555129999999,1.6873465943284257e-05,1
9999.553409999999,1.704547069304391e-05,1
9999.551109999999,1.7275477044449773e-05,1
9999.548549999998,1.7531484113910247e-05,1
9999.546599999998,1.77264894987741e-05,1
9999.544959999997,1.789049402763585e-05,1
9999.543319999997,1.8054498556497596e-05,1
9999.541079999997,1.827850474218456e-05,1
9999.539519999997,1.8434509050148405e-05,1
9999.538619999998,1.8524511535386228e-05,1
9999.537359999998,1.8650515014755563e-05,1
9999.5356,1.8826519874873208e-05,1
9999.533519999999,1.903452561876437e-05,1
9999.53226,1.9160529098133703e-05,1
9999.531069999999,1.9279532384376536e-05,1
9999.529149999998,1.9471537686471895e-05,1
9999.526409999999,1.974554525290717e-05,1
9999.52343,2.0043553482036154e-05,1
9999.520069999999,2.037956276065755e-05,1
9999.516829999999,2.070357170784114e-05,1
9999.51449,2.0937578169605006e-05,1
9999.51225,2.1161584355291968e-05,1
9999.50965,2.1421591535110442e-05,1
9999.50695,2.1691598991005816e-05,1
9999.504550000001,2.1931605618488583e-05,1
9999.50271,2.2115610699686036e-05,1
9999.500810000001,2.230561594642049e-05,1
9999.499200000002,2.246662039233183e-05,1
9999.496460000002,2.274062795876711e-05,1
9999.493200000003,2.30666369611297e-05,1
9999.488980000002,2.348864861463092e-05,1
9999.484080000002,2.397866214585526e-05,1
9999.480160000003,2.437067297076197e-05,1
9999.476800000002,2.4706682249383365e-05,1
9999.473700000002,2.5016690809950153e-05,1
9999.471160000003,2.5270697824049725e-05,1
9999.469140000003,2.547270340222198e-05,1
9999.466520000004,2.5734710637219454e-05,1
9999.463860000003,2.6000717982756827e-05,1
9999.460860000003,2.6300726267246716e-05,1
9999.457760000003,2.66107348278135e-05,1
9999.454880000003,2.6898742780865585e-05,1
9999.451350000003,2.7251752528872282e-05,1
9999.448690000003,2.751775987440966e-05,1
9999.446480000002,2.7738765977328123e-05,1
9999.444500000003,2.7936771444960475e-05,1
9999.443460000004,2.8040774316815103e-05,1
9999.443020000004,2.8084775531844518e-05,1
9999.441460000004,2.824077983980836e-05,1
9999.440160000004,2.8370783429717598e-05,1
9999.439440000004,2.844278541798062e-05,1
9999.439040000003,2.8482786522652034e-05,1
9999.437940000003,2.8592789560225563e-05,1
9999.436820000003,2.8704792653159996e-05,1
9999.436160000003,2.8770794475704114e-05,1
9999.435240000003,2.886279701630284e-05,1
9999.434060000003,2.898080027477427e-05,1
9999.432660000004,2.912080414076041e-05,1
9999.431320000003,2.925480784120955e-05,1
9999.430260000003,2.936081076842508e-05,1
9999.428900000003,2.949681452405322e-05,1
9999.427090000003,2.967781952230027e-05,1
9999.424570000003,2.992982648122084e-05,1
9999.421920000003,3.0194833799168716e-05,1
9999.419180000003,3.0468841365603995e-05,1
9999.415430000003,3.7502178200059016e-07,1
9999.411270000002,7.910459455571524e-07,1
9999.406630000003,1.2550728970904575e-06,1
9999.401350000004,1.783103566107996e-06,1
9999.396370000004,2.2811324925945928e-06,1
9999.391610000004,2.7571601412130383e-06,1
9999.386650000004,3.253188951579415e-06,1
9999.381020000004,3.816221653610355e-06,1
9999.375840000004,4.334251741844883e-06,1
9999.370620000005,4.8562820623198514e-06,1
9999.365120000006,5.406314009205541e-06,1
9999.359920000006,5.926344213560289e-06,1
9999.354790000007,6.4393740113123565e-06,1
9999.349410000006,6.977405261294815e-06,1
9999.342680000007,7.650444352666512e-06,1
9999.335240000008,8.394487568125122e-06,1
9999.327860000009,9.132530435041161e-06,1
9999.321040000008,9.814570049317667e-06,1
9999.314180000008,1.0500609895834615e-05,1
9999.307680000009,1.115064765127805e-05,1
9999.301640000009,1.1754682734864962e-05,1
9999.295220000009,1.2396720025645607e-05,1
9999.28880000001,1.3038757316426251e-05,1
9999.281920000009,1.3726797279245328e-05,1
9999.274710000009,1.4447839158775676e-05,1
9999.26878000001,1.5040873603337558e-05,1
9999.263480000009,1.5570904388657227e-05,1
9999.257650000009,1.6153938252436098e-05,1
9999.25381000001,1.6537960557159588e-05,1
9999.249730000009,1.694598425605336e-05,1
9999.24631000001,1.7288004121160767e-05,1
9999.24229000001,1.769002747151197e-05,1
9999.237930000008,1.8126052796816465e-05,1
9999.232940000009,1.862508178136317e-05,1
9999.22781000001,1.913811157911524e-05,1
9999.22285000001,1.9634140389481614e-05,1
9999.218620000009,2.0057164959640858e-05,1
9999.214020000009,2.0517191678933722e-05,1
9999.209620000009,2.0957217236478656e-05,1
9999.204230000008,2.1496248544521223e-05,1
9999.199070000008,2.201227851663553e-05,1
9999.193370000008,2.2582311625269153e-05,1
9999.189040000008,2.3015336776211406e-05,1
9999.184620000009,2.345736244987656e-05,1
9999.18049000001,2.387038643907088e-05,1
9999.17696000001,2.4223406943203322e-05,1
9999.17326000001,2.459342843472145e-05,1
9999.16818000001,2.5101457942172968e-05,1
9999.16391000001,2.5528482744572652e-05,1
9999.15923000001,2.5996509928528307e-05,1
9999.15505000001,2.641453420820509e-05,1
9999.15028000001,2.6891561914883642e-05,1
9999.144930000011,2.7426592990503863e-05,1
9999.138960000011,2.8023627667488096e-05,1
9999.13300000001,2.8619662286412217e-05,1
9999.12834000001,2.9085689354247652e-05,1
9999.12479000001,2.9440709974500312e-05,1
9999.121730000012,2.9746727748534208e-05,1
9999.118630000012,3.0056745754990454e-05,1
9999.115450000012,3.037476422610949e-05,1
9999.111550000012,3.0764786879375554e-05,1
9999.108370000013,3.108280535049459e-05,1
9999.105700000013,3.1349820859274644e-05,1
9999.103720000014,3.1547832360088e-05,1
9999.101900000014,3.1729842931575784e-05,1
9999.099820000014,3.1937855013354065e-05,1
9999.097580000014,3.216186802445793e-05,1
9999.094420000014,3.2477886379456745e-05,1
9999.091560000013,3.276390299192462e-05,1
9999.088180000013,3.310192262479159e-05,1
9999.085750000013,3.334493673958327e-05,1
9999.083420000014,3.357795027341003e-05,1
9999.080480000013,3.3871967350540696e-05,1
9999.077920000012,3.4127982220477635e-05,1
9999.075500000012,3.4369996277209205e-05,1
9999.073460000012,3.457400812656513e-05,1
9999.071260000012,3.479402090542856e-05,1
9999.069100000012,3.501003345186963e-05,1
9999.066520000011,3.526804843792678e-05,1
9999.06244000001,3.567607213682055e-05,1
9999.058240000011,3.609609653261756e-05,1
9999.054060000011,3.651412081229434e-05,1
9999.05012000001,3.690814369798275e-05,1
9999.04646000001,3.727416495726044e-05,1
9999.042980000011,3.4803318629637544e-07,1
9999.03947000001,6.990666587881533e-07,1
9999.03539000001,1.1071055669914985e-06,1
9999.03156000001,1.4901420910214603e-06,1
9999.02748000001,1.8981809992248054e-06,1
9999.02246000001,2.4002288715489618e-06,1
9999.017440000009,2.902276743873118e-06,1
9999.012420000008,3.404324616197274e-06,1
9999.007390000008,3.907372583859259e-06,1
9999.002350000008,4.411420646859073e-06,1
9998.997780000009,4.868464227707522e-06,1
9998.992260000008,5.420516868196528e-06,1
9998.987980000009,4.280431355387885e-07,1
9998.983980000008,8.280834492828561e-07,1
9998.980160000008,1.2101219488211204e-06,1
9998.976540000009,1.572158432635798e-06,1
9998.97306000001,1.9201935054621563e-06,1
9998.96835000001,2.3912409747247937e-06,1
9998.96387000001,2.839286125987169e-06,1
9998.95899000001,3.327335308696718e-06,1
9998.953410000011,3.885391546165945e-06,1
9998.948010000011,4.425445969611286e-06,1
9998.943230000012,4.903494144368083e-06,1
9998.938570000011,5.369541109836262e-06,1
9998.93414000001,5.812585757304178e-06,1
9998.929860000011,6.2406288928429666e-06,1
9998.925360000012,6.6906742456231255e-06,1
9998.920960000012,7.13071859063245e-06,1
9998.916840000013,7.542760113665136e-06,1
9998.913030000012,7.923798512444508e-06,1
9998.909520000012,8.27483388772946e-06,1
9998.906730000012,8.553862006555031e-06,1
9998.904390000012,8.787885589957054e-06,1
9998.902130000013,9.013908367106025e-06,1
9998.899650000014,9.261933361496366e-06,1
9998.897090000013,9.517959162321676e-06,1
9998.893920000013,9.834991110894721e-06,1
9998.890420000012,1.018502638542078e-05,1
9998.885000000013,1.0727081010383905e-05,1
9998.878150000013,1.1412150047506895e-05,1
9998.872410000013,1.1986207897664141e-05,1
9998.867390000012,1.248825849136201e-05,1
9998.863400000013,1.288729870416527e-05,1
9998.858230000013,1.3404350809610347e-05,1
9998.852610000013,1.3966407450297058e-05,1
9998.846220000012,1.4605471851419524e-05,1
9998.841140000011,1.5113523049852661e-05,1
9998.835500000012,1.5677579892057156e-05,1
9998.829850000013,1.624263683502054e-05,1
9998.825250000013,1.6702683195753453e-05,1
9998.820310000012,1.719673298319827e-05,1
9998.815290000011,1.7698783576896137e-05,1
9998.810430000012,1.8184832557905986e-05,1
9998.805980000012,1.8629877406891687e-05,1
9998.801740000012,1.9053920139394906e-05,1
9998.796780000011,1.9549970128357508e-05,1
9998.791600000011,2.006802233456148e-05,1
9998.786000000011,2.0628078773730407e-05,1
9998.78026000001,2.1202136623887653e-05,1
9998.775400000011,2.1688185604897503e-05,1
9998.771480000012,2.20802251122066e-05,1
9998.768660000012,2.236225353330885e-05,1
9998.764460000013,2.2782295862594586e-05,1
9998.759560000013,2.327234524682192e-05,1
9998.754170000013,2.3811399569508366e-05,1
9998.749430000013,2.4285447341229596e-05,1
9998.746590000013,2.4569475963849627e-05,1
9998.743050000014,2.4923511641411254e-05,1
9998.738830000013,2.534555417239669e-05,1
9998.735710000014,2.565758561699336e-05,1
9998.735610000014,2.5667586624764197e-05,1
9998.733460000014,2.588260829338344e-05,1
9998.730740000014,2.6154635706714853e-05,1
9998.728880000013,2.6340654452598568e-05,1
9998.727650000013,2.6463666849034848e-05,1
9998.726250000014,2.660368095873612e-05,1
9998.726410000014,2.658767934623002e-05,1
9998.725740000014,2.665468609871302e-05,1
9998.725730000015,2.6655686199471913e-05,1
9998.726860000015,2.6542674810806468e-05,1
9998.728140000016,2.6414661910393813e-05,1
9998.729580000016,2.6270647397475056e-05,1
9998.730450000015,2.6183638629268466e-05,1
9998.730530000015,2.6175637823015415e-05,1
9998.731060000015,2.612263248152073e-05,1
9998.732010000014,2.602762290706109e-05,1
9998.732670000014,2.596161625533698e-05,1
9998.734010000015,2.5827602750189057e-05,1
9998.735830000014,2.5645584407522825e-05,1
9998.737590000013,2.5469566669591862e-05,1
9998.739690000013,2.5259545504948995e-05,1
9998.741870000013,2.5041523534053074e-05,1
9998.744130000012,2.48155007569041e-05,1
9998.746500000012,2.4578476871043488e-05,1
9998.748680000012,2.4360454900147567e-05,1
9998.750860000011,2.414243292925165e-05,1
9998.753020000011,2.3926411159873513e-05,1
9998.75514000001,2.371438979371286e-05,1
9998.75712000001,2.3516369838540526e-05,1
9998.75920000001,2.3308348875415442e-05,1
9998.76080000001,2.3148332749990582e-05,1
9998.762100000009,2.3018319648060142e-05,1
9998.76366000001,2.286230392567085e-05,1
9998.76493000001,2.2735291126017087e-05,1
9998.76559000001,2.2669284474292974e-05,1
9998.76623000001,2.2605278024086647e-05,1
9998.76711000001,2.2517269155121166e-05,1
9998.76787000001,2.2441261495444304e-05,1
9998.769430000011,0.0,1
9998.770050000012,0.0,1
9998.770510000011,0.0,1
9998.77047000001,4.00049193733364e-09,1
9998.77113000001,0.0,1
9998.77143000001,0.0,1
9998.77104000001,3.9004791935994674e-08,1
9998.77028000001,1.1501413029624438e-07,1
9998.77220000001,0.0,1
9998.77308000001,0.0,1
9998.773620000009,0.0,1
9998.77344000001,1.8002207663823093e-08,1
9998.77268000001,9.401152937598602e-08,1
9998.77186000001,1.7602158685480913e-07,1
9998.77113000001,2.490305405017207e-07,1
9998.77019000001,3.4304206987770673e-07,1
9998.76939000001,4.2305188210097646e-07,1
9998.76833000001,5.290648833741254e-07,1
9998.766490000009,7.130874516149906e-07,1
9998.764290000008,9.331144353654233e-07,1
9998.762050000008,1.1571419096269628e-06,1
9998.76029000001,1.333163496481772e-06,1
9998.75903000001,1.4591789506742973e-06,1
9998.75773000001,1.5891948955598508e-06,1
9998.75713000001,1.6492022546818227e-06,1
9998.75649000001,1.7132101044968227e-06,1
9998.75573000001,1.7892194262089856e-06,1
9998.75469000001,1.89323218204466e-06,1
9998.75463000001,1.8992329179932415e-06,1
9998.75427000001,1.935237333502809e-06,1
9998.75481000001,1.8812307103294182e-06,1
9998.75515000001,1.8472265400754044e-06,1
9998.75432000001,1.930236720363925e-06,1
9998.753920000008,1.970241626566521e-06,1
9998.752620000008,2.100257571452074e-06,1
9998.751140000008,2.2482757241833722e-06,1
9998.750260000008,2.3362865176107765e-06,1
9998.749880000008,2.3742911783758974e-06,1
9998.74856000001,2.5063073685170044e-06,1
9998.74659000001,2.7033315311008877e-06,1
9998.74470000001,2.8923547124806366e-06,1
9998.74276000001,3.08637850718119e-06,1
9998.74051000001,3.3114061040705065e-06,1
9998.73831000001,3.531433087820939e-06,1
9998.73665000001,3.6974534482160598e-06,1
9998.73485000001,3.877475525763897e-06,1
9998.73299000001,4.063498339260315e-06,1
9998.730430000009,4.319529738520315e-06,1
9998.727790000008,4.583562118984451e-06,1
9998.726420000008,4.720578922446362e-06,1
9998.726810000007,4.681574139053465e-06,1
9998.727850000007,4.57756138321779e-06,1
9998.728610000007,4.501552061505628e-06,1
9998.729350000007,4.427542985230939e-06,1
9998.729230000006,4.439544457128102e-06,1
9998.729010000006,4.461547155484953e-06,1
9998.728650000006,4.497551570994521e-06,1
9998.729250000006,4.437544211872549e-06,1
9998.728720000006,4.490550712418163e-06,1
9998.727020000006,4.660571563506312e-06,1
9998.726520000006,4.710577696168595e-06,1
9998.726480000005,4.714578186861623e-06,1
9998.726490000005,4.7135780642338464e-06,1
9998.726070000004,4.755583215691996e-06,1
9998.726470000005,4.7155783094894e-06,1
9998.727710000005,4.591563100552428e-06,1
9998.728330000005,4.529555495992982e-06,1
9998.728660000006,4.4965514483667444e-06,1
9998.728140000007,4.548557826284581e-06,1
9998.728080000006,4.5545585622331626e-06,1
9998.727740000006,4.588562732487176e-06,1
9998.726320000005,4.7305801492698935e-06,1
9998.724660000005,4.896600509665014e-06,1
9998.722480000006,5.114627247977972e-06,1
9998.720460000006,5.31665202388266e-06,1
9998.718690000005,5.493673733547167e-06,1
9998.716660000006,5.696698632079632e-06,1
9998.715020000005,5.8607187472192e-06,1
9998.713000000005,6.062743523123888e-06,1
9998.711140000005,6.248766336620307e-06,1
9998.709980000005,6.364780564353144e-06,1
9998.708960000005,6.466793074933265e-06,1
9998.707800000006,6.582807302666102e-06,1
9998.706240000005,6.738826436601534e-06,1
9998.705120000004,6.850840173823265e-06,1
9998.703970000004,6.965854278928325e-06,1
9998.702450000004,7.11787292217073e-06,1
9998.701230000004,7.239887885852149e-06,1
9998.700150000004,7.347901132380851e-06,1
9998.699690000005,7.3939067743501065e-06,1
9998.698470000005,7.515921738031525e-06,1
9998.697630000004,7.599932040947823e-06,1
9998.696560000004,7.706945164848748e-06,1
9998.695360000003,7.826959883274613e-06,1
9998.694510000003,7.911970308818688e-06,1
9998.693550000004,8.007982083450227e-06,1
9998.692850000003,7.00091463955715e-08,1
9998.691950000004,1.600209058910868e-07,1
9998.690580000004,2.970388065898923e-07,1
9998.688820000005,4.7306180303370323e-07,1
9998.687160000005,6.390834929275423e-07,1
9998.685380000004,8.171067508268857e-07,1
9998.683640000005,9.911294859970868e-07,1
9998.679480000004,1.4071838414594508e-06,1
9998.675980000004,1.7572295732553854e-06,1
9998.672840000003,2.0712706012167294e-06,1
9998.669480000002,2.40731450373355e-06,1
9998.666530000002,2.7023530490498322e-06,1
9998.664010000002,2.954385975891967e-06,1
9998.661870000002,3.168413937625901e-06,1
9998.658870000001,3.468453136308131e-06,1
9998.65573,3.782494164269475e-06,1
9998.65301,4.0545297043934765e-06,1
9998.65037,4.3185641992411154e-06,1
9998.64755,4.600601045915089e-06,1
9998.64487,4.8686360633099475e-06,1
9998.64237,5.118668728878472e-06,1
9998.64005,5.35069904243874e-06,1
9998.63789,5.566727265446284e-06,1
9998.63619,5.736749478069266e-06,1
9998.633539999999,6.00178410355371e-06,1
9998.63238,6.117799260333844e-06,1
9998.63164,6.1918089292766344e-06,1
9998.63064,6.291821995504045e-06,1
9998.62946,6.409837413557789e-06,1
9998.6275,6.605863023283466e-06,1
9998.62508,6.847894643575629e-06,1
9998.62286,7.069923650585925e-06,1
9998.62067,7.288952265503884e-06,1
9998.61723,7.632997213297067e-06,1
9998.613659999999,7.990043859732559e-06,1
9998.610799999999,8.276081229135673e-06,1
9998.608309999998,8.525113764067393e-06,1
9998.605729999997,8.78314747491228e-06,1
9998.603129999998,9.043181447030777e-06,1
9998.599349999999,9.421230837203017e-06,1
9998.596189999998,9.737272126437971e-06,1
9998.59277,1.0079316812775622e-05,1
9998.589,1.0456366072311058e-05,1
9998.58518,1.0838415985212441e-05,1
9998.58156,1.1200463284831957e-05,1
9998.57856,1.1500502483514187e-05,1
9998.5765,1.170652939997176e-05,1
9998.57381,1.1975564548003423e-05,1
9998.57117,1.223959904285106e-05,1
9998.56891,1.2465628572408577e-05,1
9998.56687,1.2669655227410616e-05,1
9998.5642,1.2936690114168671e-05,1
9998.561020000001,1.3254731664677235e-05,1
9998.557460000002,1.3610778180293999e-05,1
9998.554680000001,1.3888814504420753e-05,1
9998.551570000001,1.4199855140289759e-05,1
9998.54757,1.45999074051994e-05,1
9998.54377,1.4979957056827172e-05,1
9998.53938,1.5419014417481815e-05,1
9998.53608,1.5749057535995887e-05,1
9998.53215,1.6142108886265966e-05,1
9998.525319999999,1.6825198128486384e-05,1
9998.51888,1.7469282274779876e-05,1
9998.51368,1.798935021901687e-05,1
9998.508820000001,1.8475413720692882e-05,1
9998.504130000001,1.8944475001179364e-05,1
9998.499090000001,1.9448540854863633e-05,1
9998.494630000001,1.9894599130157835e-05,1
9998.490430000002,2.0314654008167418e-05,1
9998.48679,2.067870156924247e-05,1
9998.48308,2.1049750044957076e-05,1
9998.47764,2.1593821125205077e-05,1
9998.47308,2.2049880707049252e-05,1
9998.46744,2.26139544003972e-05,1
9998.46196,2.316202600319242e-05,1
9998.45684,2.367409290215305e-05,1
9998.451500000001,2.420816267566916e-05,1
9998.44533,2.4825243294223147e-05,1
9998.43909,2.5449324827416694e-05,1
9998.43205,2.6153416813555782e-05,1
9998.42421,2.6937519252640414e-05,1
9998.41663,2.769561829444043e-05,1
9998.40906,2.8452717205603637e-05,1
9998.40194,2.916481023701909e-05,1
9998.39492,2.9866901961702644e-05,1
9998.38796,3.056299290256537e-05,1
9998.38086,3.1273085672707213e-05,1
9998.3737,3.1989179226669884e-05,1
9998.36636,3.272327513264081e-05,1
9998.35874,3.348537469716997e-05,1
9998.3513,3.422947190969087e-05,1
9998.34384,3.49755693836673e-05,1
9998.33582,3.5777674174578265e-05,1
9998.328230000001,3.6536773347015085e-05,1
9998.320670000001,3.729287212754149e-05,1
9998.312870000002,3.807297404389698e-05,1
9998.305640000002,7.231220000073649e-07,1
9998.298480000003,1.4392428188193826e-06,1
9998.290730000002,2.214373593524714e-06,1
9998.282890000002,2.998505886857798e-06,1
9998.274330000002,3.854650329576757e-06,1
9998.265410000002,4.746800846988654e-06,1
9998.256490000002,5.638951364400552e-06,1
9998.247310000002,6.557106268979503e-06,1
9998.238270000002,7.461258811349689e-06,1
9998.229640000001,8.324404435263996e-06,1
9998.220840000002,9.204552927717603e-06,1
9998.212360000001,1.0052696020525013e-05,1
9998.203000000001,1.0988853962541398e-05,1
9998.19352,1.1937013929516072e-05,1
9998.18366,1.2923180308616089e-05,1
9998.174860000001,1.3803328801069696e-05,1
9998.166140000001,1.4675475943611754e-05,1
9998.157060000001,1.5583629160846753e-05,1
9998.147810000002,1.6508785246621048e-05,1
9998.138050000001,1.7484949938377112e-05,1
9998.127890000002,1.850112137969092e-05,1
9998.116710000002,1.96193100326044e-05,1
9998.106350000002,2.065548484878805e-05,1
9998.096320000002,2.1658654096427366e-05,1
9998.087020000003,2.258881102596461e-05,1
9998.077740000002,2.3516967618069444e-05,1
9998.068480000002,2.4443123872741874e-05,1
9998.058730000002,2.5418288395599803e-05,1
9998.048030000002,2.6488468949043983e-05,1
9998.037220000002,2.7569651358548322e-05,1
9998.027580000002,2.8533814025346095e-05,1
9998.018570000002,2.9434966061385744e-05,1
9998.010530000001,3.0239101729588667e-05,1
9998.00328,3.096422406721037e-05,1
9997.99573,3.171935146704586e-05,1
9997.98769,3.2523487135248785e-05,1
9997.97935,3.33576278656655e-05,1
9997.97149,3.414376049643099e-05,1
9997.96337,3.495589751454546e-05,1
9997.95479,3.5814042294696824e-05,1
9997.94723,3.657016986324852e-05,1
9997.93903,3.739030823127454e-05,1
9997.931789999999,3.8114430400180036e-05,1
9997.925009999999,3.879254480686671e-05,1
9997.91815,3.9478660563464934e-05,1
9997.91185,4.0108766870500386e-05,1
9997.90473,4.082088701444759e-05,1
9997.89673,4.1621022007603774e-05,1
9997.88812,4.248216729408567e-05,1
9997.87995,4.329930515578116e-05,1
9997.871640000001,4.413044537986734e-05,1
9997.863140000001,4.498058881010715e-05,1
9997.855370000001,4.575771992224489e-05,1
9997.847710000002,4.652384917814054e-05,1
9997.839370000002,4.735798990855725e-05,1
9997.83133,4.8162125576760176e-05,1
9997.82077,4.921830376781367e-05,1
9997.80985,5.031048803356009e-05,1
9997.79871,5.142467601160876e-05,1
9997.78687,5.260887580142897e-05,1
9997.77551,5.374506749177988e-05,1
9997.76361,5.4935268294079236e-05,1
9997.75039,5.625749137037398e-05,1
9997.738309999999,5.746569521011077e-05,1
9997.72654,5.864289381873564e-05,1
9997.71448,5.984909732085809e-05,1
9997.702650000001,6.1032296941962095e-05,1
9997.691710000001,6.212648154514093e-05,1
9997.680810000002,6.321666547327302e-05,1
9997.669000000002,6.439786475694463e-05,1
9997.657140000001,6.558406488437916e-05,1
9997.64542,6.675626264942301e-05,1
9997.63414,6.788445298986238e-05,1
9997.62216,6.908265514207328e-05,1
9997.611,7.019884345755436e-05,1
9997.59956,7.134303649781682e-05,1
9997.58797,7.250223206918618e-05,1
9997.57687,7.361241937218811e-05,1
9997.565610000001,7.473860937501314e-05,1
9997.554440000002,7.585579785921042e-05,1
9997.543760000002,7.692397807504027e-05,1
9997.532460000002,7.805416875291203e-05,1
9997.521670000002,7.913335082498396e-05,1
9997.510750000001,8.022553509073039e-05,1
9997.499570000002,8.134372374364387e-05,1
9997.488380000003,8.246291256527355e-05,1
9997.477210000003,8.358010104947083e-05,1
9997.465990000002,8.470229037743105e-05,1
9997.455010000003,8.580047565547468e-05,1
9997.444530000002,8.684865249661663e-05,1
9997.434180000002,8.788382714408407e-05,1
9997.423700000001,8.8932003985226e-05,1
9997.413120000001,8.99901825137119e-05,1
9997.40278,9.102435699246314e-05,1
9997.39225,9.207753467718609e-05,1
9997.38181,9.31217108432813e-05,1
9997.370830000002,1.098287552459523e-06,1
9997.359030000001,2.278596579810874e-06,1
9997.34653,3.528923939342579e-06,1
9997.33473,4.70923296669393e-06,1
9997.32337,5.845530471012472e-06,1
9997.31163,7.019837927008086e-06,1
9997.30026,8.157135693188926e-06,1
9997.2898,9.203409627535306e-06,1
9997.27957,1.0226677538502984e-05,1
9997.26945,1.1238942568803432e-05,1
9997.25921,1.2263210741633407e-05,1
9997.248590000001,1.3325488866140456e-05,1
9997.23811,1.437376332439338e-05,1
9997.22892,1.529300399913477e-05,1
9997.22001,1.618423734100402e-05,1
9997.21129,1.7056465706943763e-05,1
9997.201959999999,1.7989710048121225e-05,1
9997.192759999998,1.8909950984724916e-05,1
9997.183139999997,1.987220292063682e-05,1
9997.173539999998,2.0832454332642176e-05,1
9997.164109999998,2.177570129262457e-05,1
9997.155199999997,2.266693463449382e-05,1
9997.146139999997,2.3573171904661437e-05,1
9997.136899999998,2.4497413888714323e-05,1
9997.128369999999,2.5350637278724552e-05,1
9997.121089999999,2.6078827932854392e-05,1
9997.113199999998,2.6868034562221955e-05,1
9997.105759999999,2.7612229406512462e-05,1
9997.098289999998,2.835942503657181e-05,1
9997.090389999998,2.914963192780167e-05,1
9997.083219999997,2.986681970126428e-05,1
9997.076019999997,3.058700826031379e-05,1
9997.067719999997,3.141722562694532e-05,1
9997.060279999998,3.2161420471235824e-05,1
9997.053339999999,3.285560222113778e-05,1
9997.046599999998,3.352977873342988e-05,1
9997.039369999999,3.425296807806629e-05,1
9997.032449999999,3.494514930424365e-05,1
9997.02723,3.546728600946357e-05,1
9997.02225,3.596541642944248e-05,1
9997.01674,3.651656072957879e-05,1
9997.010919999999,3.709871314817413e-05,1
9997.004079999999,3.778289227927116e-05,1
9996.997179999998,3.847307298172393e-05,1
9996.989839999998,3.9207265207209505e-05,1
9996.983769999999,3.981442417290815e-05,1
9996.97805,4.038657397251661e-05,1
9996.97269,4.09227143441726e-05,1
9996.96641,4.155087880952535e-05,1
9996.96001,4.219104641758957e-05,1
9996.952930000001,4.28992318339276e-05,1
9996.944790000001,4.3713445010398465e-05,1
9996.93676,4.4516655306202096e-05,1
9996.9315,4.5042793059053154e-05,1
9996.928240000001,4.536887843435003e-05,1
9996.925500000001,4.564295019153376e-05,1
9996.922380000002,4.595503190039457e-05,1
9996.918780000002,4.6315126179919316e-05,1
9996.915070000001,4.668622334029325e-05,1
9996.91191,4.700230609678519e-05,1
9996.907870000001,4.740641189934275e-05,1
9996.901580000002,4.80355766265578e-05,1
9996.894980000001,4.8695749472413825e-05,1
9996.88786,4.9407935936383e-05,1
9996.8816,5.003409987801115e-05,1
9996.87501,5.069327246200488e-05,1
9996.86817,5.137745159310191e-05,1
9996.860139999999,5.218066188890554e-05,1
9996.850719999999,5.3122908587025635e-05,1
9996.842019999998,5.399313642924078e-05,1
9996.832499999999,5.494538574616581e-05,1
9996.8229,5.590563715817117e-05,1
9996.813339999999,5.686188752272733e-05,1
9996.803839999999,5.781213631592776e-05,1
9996.793459999999,5.885040815519381e-05,1
9996.78342,5.9854671090231976e-05,1
9996.77407,6.0789915955134036e-05,1
9996.76428,6.17691723430689e-05,1
9996.75499,6.269841563661523e-05,1
9996.745429999999,6.365466600117139e-05,1
9996.73553,6.464492526977349e-05,1
9996.72536,6.566219160938543e-05,1
9996.71487,6.671146632950065e-05,1
9996.7049,6.770872743132078e-05,1
9996.695230000001,9.673187411443778e-07,1
9996.685510000001,1.939639130437425e-06,1
9996.675410000002,2.94997204518727e-06,1
9996.665570000001,3.934296389964341e-06,1
9996.655920000001,4.8996144719220345e-06,1
9996.646760000001,5.815916402532249e-06,1
9996.63808,6.684202511570286e-06,1
9996.62866,7.626513012335232e-06,1
9996.619,8.592831423886268e-06,1
9996.610200000001,9.473121488226369e-06,1
9996.60224,1.026938386472418e-05,1
9996.59435,1.1058643933886637e-05,1
9996.58635,8.002725448003025e-07,1
9996.578,1.6355570134617751e-06,1
9996.569739999999,2.461838416039507e-06,1
9996.561979999999,3.2381027845558475e-06,1
9996.55519,3.917334106916665e-06,1
9996.548869999999,4.549549417365312e-06,1
9996.54151,5.285800158559755e-06,1
9996.534989999998,5.938022282669351e-06,1
9996.528369999998,6.60024781351844e-06,1
9996.522329999998,7.204453584878151e-06,1
9996.516649999998,7.772647091720938e-06,1
9996.510869999998,8.35084400530322e-06,1
9996.504129999998,9.02507362438527e-06,1
9996.497719999998,9.666292000917658e-06,1
9996.490699999998,1.0368531158906683e-05,1
9996.483909999999,1.10477624812675e-05,1
9996.47755,1.1683979154339162e-05,1
9996.47119,1.2320195827410822e-05,1
9996.46459,1.2980420676948404e-05,1
9996.45831,1.3608634624592077e-05,1
9996.45292,1.4147818251690175e-05,1
9996.44738,1.4702006988988494e-05,1
9996.44109,1.533122127728792e-05,1
9996.43441,1.5999448852253492e-05,1
9996.42761,1.667968051527006e-05,1
9996.420310000001,1.7409929212348023e-05,1
9996.412790000002,1.816218540439844e-05,1
9996.405380000002,1.8903437849053613e-05,1
9996.397980000002,1.964368995305303e-05,1
9996.39016,2.0425956365685848e-05,1
9996.38249,2.119321766811845e-05,1
9996.37377,2.20655147419526e-05,1
9996.3663,2.281276923072425e-05,1
9996.35876,2.3567026104268134e-05,1
9996.35149,2.429427377937884e-05,1
9996.34411,2.5032525201884787e-05,1
9996.33777,2.566674119364494e-05,1
9996.33181,2.6262944239576665e-05,1
9996.325929999999,2.68511445600804e-05,1
9996.320049999998,2.7439344880584136e-05,1
9996.313409999999,2.810357109274473e-05,1
9996.307389999998,2.8705776182792935e-05,1
9996.301389999999,2.9305980591347672e-05,1
9996.295839999999,2.9861169669301745e-05,1
9996.29106,3.0339332514761245e-05,1
9996.28596,3.084950626211465e-05,1
9996.28006,3.14397072639299e-05,1
9996.2743,3.201590349620067e-05,1
9996.268619999999,3.2584097003043454e-05,1
9996.264459999999,3.3000238726390567e-05,1
9996.259469999999,3.349940872616676e-05,1
9996.255439999999,3.390254602062515e-05,1
9996.2516,3.428667684207835e-05,1
9996.24734,3.471282197216495e-05,1
9996.24287,3.5159974256568256e-05,1
9996.2383,3.5617129947711054e-05,1
9996.232940000002,3.6153312552659926e-05,1
9996.227570000001,3.6690495498446516e-05,1
9996.22175,3.727269377483378e-05,1
9996.21559,3.788890363442645e-05,1
9996.20867,3.858113938567598e-05,1
9996.20158,3.9290380928437236e-05,1
9996.193580000001,4.009065347323754e-05,1
9996.185000000001,4.0948945777527226e-05,1
9996.17508,4.19412837331451e-05,1
9996.16524,4.2925618963335e-05,1
9996.156060000001,4.384393170842557e-05,1
9996.14629,4.4821264553843225e-05,1
9996.13695,4.575558274997172e-05,1
9996.12789,4.6661891407011295e-05,1
9996.11811,4.764022459308471e-05,1
9996.10811,4.864056527413057e-05,1
9996.098269999999,4.962490050432047e-05,1
9996.088569999998,5.0595230964965895e-05,1
9996.079029999999,5.1549555974573384e-05,1
9996.070329999999,5.241985236709603e-05,1
9996.062069999998,5.3246133769673755e-05,1
9996.053889999997,5.40644124468235e-05,1
9996.045589999998,5.489469521202425e-05,1
9996.037079999998,5.574598513154169e-05,1
9996.028719999998,5.658226994085892e-05,1
9996.019919999999,5.7462569740121055e-05,1
9996.011489999999,5.830585693421052e-05,1
9996.00297,5.9158147194383715e-05,1
9995.99447,6.000843677324541e-05,1
9995.98627,6.0828716131706664e-05,1
9995.97811,6.164499412736294e-05,1
9995.96981,6.247527689256369e-05,1
9995.96176,6.328055114082471e-05,1
9995.95354,6.410283118059747e-05,1
9995.944880000001,6.496912621031514e-05,1
9995.93632,6.582541783329332e-05,1
9995.927380000001,6.671972240209991e-05,1
9995.918640000002,6.759402015724557e-05,1
9995.91025,6.843330598871203e-05,1
9995.90147,6.931160510666265e-05,1
9995.89133,1.0144157613750027e-06,1
9995.88001,2.146879905163135e-06,1
9995.868670000002,3.281344868942819e-06,1
9995.857290000002,4.41981147288758e-06,1
9995.846290000001,5.52026249608299e-06,1
9995.835130000001,6.636720079574761e-06,1
9995.824180000001,7.732169052609318e-06,1
9995.813540000001,8.79660531504693e-06,1
9995.8042,9.730988274758155e-06,1
9995.7955,1.060134499310196e-05,1
9995.78614,1.1537728772804736e-05,1
9995.77684,1.2468110092350883e-05,1
9995.76755,1.3397491001901254e-05,1
9995.758890000001,1.4263846080079984e-05,1
9995.750150000002,1.5138204438406894e-05,1
9995.741650000002,1.5988552956289264e-05,1
9995.733500000002,1.680388712340961e-05,1
9995.725500000002,1.7604215140229368e-05,1
9995.717820000002,1.8372530036456406e-05,1
9995.710260000002,1.9128840012370186e-05,1
9995.702760000002,1.987914752812734e-05,1
9995.694550000002,2.070048415540431e-05,1
9995.686390000003,2.151681873252043e-05,1
9995.678200000002,2.2336154539805856e-05,1
9995.670080000002,2.3148487476938874e-05,1
9995.662220000002,2.3934809753453823e-05,1
9995.655660000002,2.459107872724239e-05,1
9995.648260000002,2.5331382142859808e-05,1
9995.641000000001,2.6057679818172416e-05,1
9995.634580000002,2.669994305165617e-05,1
9995.629190000001,2.7239164053027383e-05,1
9995.623090000001,2.7849414165918416e-05,1
9995.61743,2.8415646237903466e-05,1
9995.61147,2.901189061048969e-05,1
9995.60503,2.9656154663964997e-05,1
9995.59775,3.038445315926916e-05,1
9995.58997,3.116277215563593e-05,1
9995.58171,3.198911083307376e-05,1
9995.573540000001,3.280644582018565e-05,1
9995.5647,3.369080827883427e-05,1
9995.55672,3.4489135475662475e-05,1
9995.5483,3.5331480713396665e-05,1
9995.54054,3.6107798889771887e-05,1
9995.53312,3.6850103125380856e-05,1
9995.52578,3.758440408084165e-05,1
9995.51856,3.830670011598918e-05,1
9995.51152,3.90109887708488e-05,1
9995.50422,3.974128808614451e-05,1
9995.497140000001,4.0449578380987234e-05,1
9995.490420000002,4.1121853915072165e-05,1
9995.484220000002,4.174210812810293e-05,1
9995.478240000002,4.23403533206807e-05,1
9995.471200000002,4.3044641975540324e-05,1
9995.465720000002,4.359286666705549e-05,1
9995.460160000002,4.414909463871883e-05,1
9995.455480000002,4.461728652857022e-05,1
9995.450720000003,4.509348169856979e-05,1
9995.445300000003,4.563570392992833e-05,1
9995.440430000002,4.612290361024538e-05,1
9995.434510000003,4.6715146342666523e-05,1
9995.428860000004,4.728037800447383e-05,1
9995.423620000003,4.7804592855544454e-05,1
9995.417760000004,4.839083312780897e-05,1
9995.412120000005,4.89550643796205e-05,1
9995.405270000005,4.964034524401446e-05,1
9995.400170000004,5.015055435478027e-05,1
9995.395080000004,5.0659763055550316e-05,1
9995.389940000005,5.1173973806299236e-05,1
9995.386360000004,5.1532120593885674e-05,1
9995.383040000004,5.1864256720854044e-05,1
9995.379660000004,5.2202395307979045e-05,1
9995.376090000003,5.255954168556971e-05,1
9995.372020000003,5.296670856422298e-05,1
9995.367960000003,5.33728750326985e-05,1
9995.364640000003,5.3705011159666874e-05,1
9995.361780000003,5.3991128425737715e-05,1
9995.358820000003,5.4287249791948286e-05,1
9995.356480000004,5.4521345736782996e-05,1
9995.354460000004,5.4723428561024976e-05,1
9995.351720000004,5.499754090678256e-05,1
9995.349500000004,5.521963193148599e-05,1
9995.347060000004,5.54637319766424e-05,1
9995.344040000004,5.57658558030096e-05,1
9995.341050000003,5.606497839938948e-05,1
9995.337950000003,5.6375105505904856e-05,1
9995.335170000002,5.665321949182752e-05,1
9995.332260000003,5.694433880787724e-05,1
9995.329500000003,5.722045197362637e-05,1
9995.323710000004,5.779968937573849e-05,1
9995.316630000005,5.850797967058121e-05,1
9995.311510000005,5.902018960133858e-05,1
9995.305770000004,5.959442495347181e-05,1
9995.299810000004,6.0190669326058036e-05,1
9995.293990000004,6.077290795833945e-05,1
9995.288040000003,6.13681519209299e-05,1
9995.282040000004,6.196839793349922e-05,1
9995.277100000003,4.942331773076581e-07,1
9995.270160000004,1.1885607582134024e-06,1
9995.263800000004,1.8248609620447644e-06,1
9995.257880000005,2.4171403970736284e-06,1
9995.252950000006,2.910373102205879e-06,1
9995.246290000006,3.5766874665678548e-06,1
9995.240530000006,4.1529593493379896e-06,1
9995.235010000006,4.70521990372003e-06,1
9995.228650000006,5.341520107551392e-06,1
9995.222960000006,5.910788686185584e-06,1
9995.217620000007,6.445040744140065e-06,1
9995.211700000007,7.03732017916893e-06,1
9995.205750000006,7.632601030360046e-06,1
9995.199670000007,8.240888017647638e-06,1
9995.193390000008,8.869184445349637e-06,1
9995.187970000008,9.411440279433481e-06,1
9995.183090000008,9.89967062459862e-06,1
9995.177890000008,1.0419916074281217e-05,1
9995.172510000008,1.0958170020391374e-05,1
9995.166880000008,1.1521435766883046e-05,1
9995.162200000008,1.198965667163378e-05,1
9995.157720000008,1.243786813597011e-05,1
9995.153260000008,1.2884078656319595e-05,1
9995.149780000009,1.323224291876589e-05,1
9995.146500000008,1.3560397740979767e-05,1
9995.143120000008,1.3898557283309851e-05,1
9995.140220000008,1.4188694168681763e-05,1
9995.13760000001,1.4450817837509907e-05,1
9995.13434000001,1.4776971715554953e-05,1
9995.13030000001,1.5181162411088785e-05,1
9995.12632000001,1.5579350274480097e-05,1
9995.122540000011,1.5957528697457006e-05,1
9995.118950000011,1.6316698152194918e-05,1
9995.11557000001,1.6654857694525e-05,1
9995.11277000001,1.6934989859780705e-05,1
9995.10859000001,1.7353187163586422e-05,1
9995.103750000011,1.7837415620595884e-05,1
9995.099490000011,1.8263616700530965e-05,1
9995.095460000011,1.8666806924071375e-05,1
9995.091130000012,1.91000113081424e-05,1
9995.087670000012,1.9446174626601848e-05,1
9995.083580000011,1.9855367682284778e-05,1
9995.079910000011,2.0222540913152056e-05,1
9995.076440000012,2.0569704703604928e-05,1
9995.073200000012,2.089385763766313e-05,1
9995.069900000011,2.1224013403863847e-05,1
9995.066560000012,2.1558171058038257e-05,1
9995.062300000012,2.1984372137973338e-05,1
9995.058410000012,2.2373555753241865e-05,1
9995.054880000012,2.2726722375837257e-05,1
9995.050800000012,2.3134914959526762e-05,1
9995.046690000012,2.354610895919654e-05,1
9995.042490000013,2.39663072069891e-05,1
9995.038510000013,2.436449507038041e-05,1
9995.033950000014,2.4820710310846108e-05,1
9995.030610000014,2.5154867965020515e-05,1
9995.026190000015,2.559707659721433e-05,1
9995.022340000016,2.598225832432718e-05,1
9995.019140000017,2.6302409370229704e-05,1
9995.015840000016,2.6632565136430425e-05,1
9995.012370000017,2.6979728926883297e-05,1
9995.006770000016,2.7539993257394703e-05,1
9995.001470000016,2.8070243427375493e-05,1
9994.996170000015,2.8600493597356284e-05,1
9994.990290000014,2.918877114441146e-05,1
9994.984990000014,2.971902131439225e-05,1
9994.979850000014,3.0233263931932326e-05,1
9994.974720000015,3.074650607747898e-05,1
9994.969320000015,3.1286760967575985e-05,1
9994.963140000014,3.190505267516177e-05,1
9994.956940000015,3.25253453267344e-05,1
9994.951130000014,3.3106619569653636e-05,1
9994.946890000014,3.353081970560187e-05,1
9994.941900000014,3.403005524287664e-05,1
9994.935700000015,3.4650347894449273e-05,1
9994.929080000014,3.531266037083756e-05,1
9994.920160000014,3.620508141153653e-05,1
9994.911920000015,3.702947035486292e-05,1
9994.902660000014,3.795590744424818e-05,1
9994.893320000014,3.889034830976281e-05,1
9994.882800000014,3.994284487341304e-05,1
9994.872890000013,4.093431264400862e-05,1
9994.862920000014,4.193178324656474e-05,1
9994.853120000014,4.291224582486871e-05,1
9994.844300000015,4.379466214526948e-05,1
9994.835740000015,4.465106619329532e-05,1
9994.826740000015,4.555149101012366e-05,1
9994.818110000015,4.6414898362285434e-05,1
9994.808860000016,4.734033497949529e-05,1
9994.799500000016,4.8276776788996756e-05,1
9994.790240000015,4.9203213878382015e-05,1
9994.780360000015,5.019168023281535e-05,1
9994.770960000014,5.113212393047249e-05,1
9994.761480000014,5.2080571404259e-05,1
9994.752340000014,5.299500282935922e-05,1
9994.742620000014,5.396746163153382e-05,1
9994.733690000014,8.93469730985819e-07,1
9994.725240000014,1.7389142132126952e-06,1
9994.716500000015,2.6133739498563923e-06,1
9994.707510000015,3.5128468369598286e-06,1
9994.699570000015,4.307264492459951e-06,1
9994.690910000016,5.17372002100749e-06,1
9994.682050000016,6.060186069886422e-06,1
9994.675210000016,6.744545863836878e-06,1
9994.667510000016,7.514950895048527e-06,1
9994.660450000016,8.221322261308918e-06,1
9994.653210000015,8.94570309592216e-06,1
9994.645460000014,9.721110757262154e-06,1
9994.638870000013,1.0380457400934866e-05,1
9994.631850000014,1.1082826663056181e-05,1
9994.624770000015,1.179119908129511e-05,1
9994.617500000015,1.2518581493876164e-05,1
9994.610210000015,1.3247964958435758e-05,1
9994.603030000015,1.3966342636931382e-05,1
9994.595400000015,1.4729743986036143e-05,1
9994.587200000014,1.5550175317985276e-05,1
9994.577420000014,1.6528689760243014e-05,1
9994.568120000014,1.7459178953741813e-05,1
9994.558530000015,1.841868340165743e-05,1
9994.548890000015,1.9383190479701396e-05,1
9994.538470000014,2.0425738586910393e-05,1
9994.527050000013,2.156833929559436e-05,1
9994.514990000014,2.277497366904759e-05,1
9994.503210000013,2.3953593314255262e-05,1
9994.490890000014,2.51862413641575e-05,1
9994.479570000014,2.6318836812584773e-05,1
9994.468630000014,2.7413412272509798e-05,1
9994.458350000014,2.844195301550502e-05,1
9994.447530000014,2.952452216319481e-05,1
9994.436570000014,3.0621098675098376e-05,1
9994.425570000014,3.1721677291141015e-05,1
9994.414340000014,3.284526800548286e-05,1
9994.403940000015,3.388581506053132e-05,1
9994.392860000014,3.499439788467012e-05,1
9994.381660000014,3.611498702104415e-05,1
9994.370120000014,3.7269594041781354e-05,1
9994.358000000015,3.8482231571352204e-05,1
9994.347290000014,3.9553794932978024e-05,1
9994.337110000015,4.0572330415716554e-05,1
9994.325850000016,4.169892270802621e-05,1
9994.315010000015,4.278349290787653e-05,1
9994.303980000015,4.388707310188698e-05,1
9994.292970000015,4.498865224391889e-05,1
9994.282550000014,4.6031200351127893e-05,1
9994.273370000015,4.6949683232391453e-05,1
9994.264010000015,4.788617558200787e-05,1
9994.254790000015,4.880866056741051e-05,1
9994.244730000015,4.9815189738095796e-05,1
9994.235380000015,5.0750681561722946e-05,1
9994.226030000014,5.168617338535009e-05,1
9994.215910000014,5.2698705712153e-05,1
9994.206520000014,5.363819963973722e-05,1
9994.197500000015,5.454067410480847e-05,1
9994.186860000014,5.56052337843274e-05,1
9994.176770000015,5.66147645329805e-05,1
9994.164580000015,5.783440574465824e-05,1
9994.153300000014,5.896299908912843e-05,1
9994.140700000014,6.0223661867458216e-05,1
9994.126940000015,6.160038566345529e-05,1
9994.111720000015,6.312318625752573e-05,1
9994.094210000016,6.487510730896294e-05,1
9994.077050000016,6.65920099498657e-05,1
9994.060450000015,6.825288313409535e-05,1
9994.043050000015,6.999379839946859e-05,1
9994.025520000016,7.174772050288433e-05,1
9994.007150000016,7.358568679158272e-05,1
9993.988600000015,7.544166254863396e-05,1
9993.971260000015,7.717657465788957e-05,1
9993.954280000014,7.887546783062147e-05,1
9993.936820000015,8.062238625193033e-05,1
9993.918950000016,8.241032623989124e-05,1
9993.901390000015,8.416724992145679e-05,1
9993.883930000016,8.591416834276564e-05,1
9993.865170000015,8.779115514613754e-05,1
9993.847010000016,8.960811038851528e-05,1
9993.829610000015,9.13490256538885e-05,1
9993.812020000016,9.310895091342186e-05,1
9993.794800000016,9.483185671044224e-05,1
9993.777630000017,9.654975987733427e-05,1
9993.760500000017,9.826366094026922e-05,1
9993.743100000016,0.00010000457620564246,1
9993.725700000015,0.00010174549147101568,1
9993.708360000015,0.0001034804035802713,1
9993.691080000015,0.0001052093125334093,1
9993.673850000016,0.00010693321885641895,1
9993.656640000016,0.00010865512412745005,1
9993.639540000016,0.00011036602361223521,1
9993.622720000016,0.0001120489083687748,1
9993.605280000016,0.0001137938257381051,1
9993.587680000017,0.00011555475152362774,1
9993.570390000017,0.000117284661002755,1
9993.553080000018,0.0001190165715338608,1
9993.534940000018,1.8151702257362056e-06,1
9993.516640000018,3.6463507731583236e-06,1
9993.498480000018,5.463522289059764e-06,1
9993.481140000018,7.198640906184392e-06,1
9993.463790000018,8.934760168391637e-06,1
9993.445360000018,1.0778949102251815e-05,1
9993.426720000018,1.2644151583393008e-05,1
9993.407920000018,1.4525364386220115e-05,1
9993.387900000018,1.652865589222083e-05,1
9993.368500000019,1.8469907401461115e-05,1
9993.34982000002,2.033911246293278e-05,1
9993.33164000002,2.2158285268999453e-05,1
9993.314110000021,2.3912416143057846e-05,1
9993.29612000002,2.5712576692190757e-05,1
9993.278300000022,2.749572627437312e-05,1
9993.260560000022,2.927087069571253e-05,1
9993.243310000022,3.0996983506911585e-05,1
9993.225910000021,3.273810599471393e-05,1
9993.20872000002,3.445821493523527e-05,1
9993.19150000002,3.6181325811004455e-05,1
9993.17416000002,3.7916444428129085e-05,1
9993.15623000002,3.971060110658427e-05,1
9993.139290000021,4.14056939193121e-05,1
9993.122870000021,4.3048753186469714e-05,1
9993.106930000022,4.464378148838757e-05,1
9993.090450000022,4.62928446262229e-05,1
9993.074910000021,4.784784712392598e-05,1
9993.058930000021,4.9446878006356314e-05,1
9993.04360000002,5.098086695677838e-05,1
9993.028020000022,5.253987203481192e-05,1
9993.013760000022,5.3966791958663665e-05,1
9992.998880000021,5.5455751879275844e-05,1
9992.983590000022,5.6985738249185414e-05,1
9992.96800000002,5.85457439724836e-05,1
9992.95326000002,6.00206948615751e-05,1
9992.938900000021,6.145762123643503e-05,1
9992.92424000002,6.292456696468357e-05,1
9992.90932000002,6.441752946562621e-05,1
9992.894380000022,6.59124932567341e-05,1
9992.878990000021,6.745248607783388e-05,1
9992.863490000022,6.900348599502447e-05,1
9992.84775000002,7.057850139492595e-05,1
9992.832550000021,7.209948195890994e-05,1
9992.81710000002,7.364547865068745e-05,1
9992.802520000021,7.510441921791101e-05,1
9992.787880000022,7.656936365581231e-05,1
9992.772890000022,7.806933067251529e-05,1
9992.758310000023,7.952827123973886e-05,1
9992.743890000023,8.097120148527651e-05,1
9992.729230000023,8.243814721352506e-05,1
9992.714020000023,8.396012842259168e-05,1
9992.699410000023,8.542207092524511e-05,1
9992.685860000023,8.677794504641085e-05,1
9992.672100000023,8.815483271485761e-05,1
9992.658520000023,8.951370877145323e-05,1
9992.644360000022,9.093062224429678e-05,1
9992.631480000022,9.2219453143289e-05,1
9992.620160000022,9.335218340538854e-05,1
9992.607900000023,9.457897430762034e-05,1
9992.594660000022,9.590382843049687e-05,1
9992.580950000023,9.727571287334852e-05,1
9992.567450000024,9.862658376891916e-05,1
9992.554490000024,9.992341982875435e-05,1
9992.541440000025,0.0001012292616945151,1
9992.528180000025,0.00010255611710755687,1
9992.514350000025,0.00010394000929176397,1
9992.500530000025,0.00010532290083088845,1
9992.486370000024,0.000106739814303732,1
9992.471770000024,0.00010820075616130282,1
9992.457440000024,0.0001096346806009149,1
9992.443880000024,0.00011099155536716326,1
9992.430080000024,0.00011237244561612251,1
9992.416220000025,0.00011375933973557746,1
9992.402150000025,0.00011516724740231342,1
9992.387730000026,0.00011661017764785108,1
9992.373610000026,0.00011802308854018215,1
9992.359230000025,0.00011946201620538933,1
9992.344200000025,0.00012096598580260481,1
9992.329380000025,0.00012244894185253926,1
9992.315100000025,0.00012387786306655623,1
9992.300360000025,0.00012535281395564774,1
9992.285400000024,0.00012684977903710287,1
9992.270400000025,0.00012835074669888846,1
9992.255250000026,0.00012986672403727736,1
9992.235910000025,1.935498995658523e-06,1
9992.217250000025,3.8029452860970062e-06,1
9992.198950000025,5.63436367382548e-06,1
9992.180310000025,7.499808414163974e-06,1
9992.162800000026,9.252165570940425e-06,1
9992.145390000025,1.0994514977034891e-05,1
9992.127880000025,1.2746872133811343e-05,1
9992.110400000025,1.449622696543781e-05,1
9992.093760000025,1.616151669068024e-05,1
9992.076860000025,1.7852826567950696e-05,1
9992.060100000024,1.9530125594157146e-05,1
9992.042880000025,2.125346027375559e-05,1
9992.026490000024,1.640305210608075e-06,1
9992.009750000025,3.31563829315761e-06,1
9991.993430000024,4.948937929340984e-06,1
9991.977280000025,6.565224027531775e-06,1
9991.960380000024,8.256569851753514e-06,1
9991.942800000024,1.0015969827399458e-05,1
9991.925900000024,1.1707315651621196e-05,1
9991.908480000024,1.3450702885776978e-05,1
9991.891830000024,1.5117028801261053e-05,1
9991.875510000023,1.6750328437444427e-05,1
9991.858810000023,1.8421658334712444e-05,1
9991.841630000023,2.0141026456632985e-05,1
9991.824690000023,2.1836375466136242e-05,1
9991.807710000023,2.3535727661103062e-05,1
9991.790490000023,2.5259098968305122e-05,1
9991.773760000024,2.693343125453428e-05,1
9991.756980000024,2.8612767522547373e-05,1
9991.740000000023,3.0312119717514192e-05,1
9991.722840000024,3.202948624661193e-05,1
9991.705570000024,3.375786153559793e-05,1
9991.687980000024,3.5518262307564254e-05,1
9991.670190000024,3.72986790064843e-05,1
9991.652240000025,3.909510844689451e-05,1
9991.634450000025,4.0875525145814554e-05,1
9991.617790000026,4.2542851857619004e-05,1
9991.600570000026,4.426622316482107e-05,1
9991.582350000026,4.60896741066097e-05,1
9991.564150000026,4.791112345575756e-05,1
9991.540020000026,5.03260450378181e-05,1
9991.511600000025,5.317030825224409e-05,1
9991.482000000025,5.6132665435387576e-05,1
9991.452500000025,5.9085014655145215e-05,1
9991.421840000025,6.215345625097958e-05,1
9991.393260000024,6.501373220689574e-05,1
9991.366240000025,6.771788393282772e-05,1
9991.339980000024,7.034597513659042e-05,1
9991.312740000025,7.307214438211688e-05,1
9991.286690000024,7.567921886260547e-05,1
9991.259050000024,7.844541996203937e-05,1
9991.230890000024,8.126366247140732e-05,1
9991.201330000024,8.422201646926929e-05,1
9991.170370000023,8.732048195544322e-05,1
9991.137810000024,9.057907485688285e-05,1
9991.105760000024,9.37866271447088e-05,1
9991.075020000024,9.686307511128825e-05,1
9991.044840000024,9.988347848247011e-05,1
9991.015060000023,0.00010286384999992654,1
9990.986170000024,0.00010575515064250264,1
9990.956790000024,0.00010869549030605165,1
9990.927100000024,0.00011166685465626058,1
9990.899020000024,0.00011447709079488345,1
9990.870340000025,0.00011734737471418545,1
9990.842390000025,0.0001201446005002793,1
9990.814730000026,0.00012291280319235397,1
9990.787030000025,0.0001256850090698922,1
9990.758900000024,0.000128500249190299,1
9990.730700000024,0.0001313224948851305,1
9990.702200000023,0.00013417476447030158,1
9990.674710000023,0.00013692595362456571,1
9990.645840000023,0.00013981525267450103,1
9990.617980000023,0.00014260347129352942,1
9990.589760000023,0.0001454277185810017,1
9990.560360000023,0.00014837005983719145,1
9990.530870000022,0.00015132140826062872,1
9990.501410000023,0.0001542697542949228,1
9990.470990000023,0.00015731417677833988,1
9990.441050000023,0.0001603105610372865,1
9990.409490000024,0.00016346907430413955,1
9990.377850000024,0.0001666355939417377,1
9990.345970000024,0.0001698261326917531,1
9990.313950000023,0.00017303068259061791,1
9990.281850000023,0.00017624323886022782,1
9990.249090000023,0.00017952184768862118,1
9990.215840000023,0.00018284949553798742,1
9990.183560000023,0.00018608006614172825,1
9990.152490000022,0.00018918954038779046,1
9990.121460000022,0.00019229501144838907,1
9990.090650000022,0.00019537846498939322,1
9990.059730000023,0.0001984729272901036,1
9990.028950000024,0.00020155337844196457,1
9989.998390000024,0.00020461181207423107,1
9989.967590000024,0.00020769426481891484,1
9989.936490000024,0.00021080674145393816,1
9989.905230000024,0.00021393523083045165,1
9989.874350000024,0.00021702568994588051,1
9989.843170000024,0.00022014617295164894,1
9989.812130000024,0.00022325264480856793,1
9989.781110000024,0.0002263571150728462,1
9989.750410000024,0.0002294295598539621,1
9989.719570000025,0.00023251601578392738,1
9989.688850000024,0.00023559046215786605,1
9989.658190000024,0.00023865890375370045,1
9989.627450000024,0.00024173535172027988,1
9989.596550000024,0.0002448278124283495,1
9989.566270000023,0.00024785822376309925,1
9989.535810000023,0.0002509066494319799,1
9989.506230000023,2.9610985498184948e-06,1
9989.476230000022,5.964241095303275e-06,1
9989.446530000023,8.937352215182073e-06,1
9989.416950000023,1.1898450765000569e-05,1
9989.387290000022,1.4867557694919962e-05,1
9989.357690000023,1.783065833971816e-05,1
9989.328070000023,2.079576107949606e-05,1
9989.298720000023,2.373383553650171e-05,1
9989.269100000023,2.669893827627961e-05,1
9989.239180000022,2.969407244166349e-05,1
9989.209680000022,3.264716261138109e-05,1
9989.179960000021,3.562227582642168e-05,1
9989.15017000002,3.860439637407331e-05,1
9989.120770000021,4.154747606852822e-05,1
9989.09171000002,4.4456520147599826e-05,1
9989.06333000002,4.729749299554066e-05,1
9989.034510000021,5.018251193412748e-05,1
9989.005780000021,5.305852144512356e-05,1
9988.977120000021,5.592752362350858e-05,1
9988.948800000022,5.8762490186328225e-05,1
9988.920640000022,6.158143998894607e-05,1
9988.892030000023,6.444543692969975e-05,1
9988.863170000022,6.733446005842806e-05,1
9988.834190000023,7.023549575721669e-05,1
9988.804830000023,7.317457126171218e-05,1
9988.775390000023,7.612165514630858e-05,1
9988.746690000022,7.899466151483511e-05,1
9988.717830000021,8.188368464356342e-05,1
9988.688500000022,8.481975700540728e-05,1
9988.660040000022,8.766873823344901e-05,1
9988.632380000023,9.043763566029967e-05,1
9988.603950000022,9.328361374587184e-05,1
9988.575170000022,9.616462849449927e-05,1
9988.545910000023,9.909369352373208e-05,1
9988.516430000023,0.00010204478159828788,1
9988.487610000024,0.0001049298005368747,1
9988.458390000023,0.0001078548613761481,1
9988.429370000023,0.00011075990126507822,1
9988.400360000023,0.00011366394010651848,1
9988.371040000024,0.0001165990114208725,1
9988.341160000024,0.00011959014139611488,1
9988.312080000023,0.0001225011875701662,1
9988.282400000024,0.0001254722965950653,1
9988.252880000024,0.00012842738885976258,1
9988.223650000024,0.00013135345074652584,1
9988.194600000024,0.00013426149377792552,1
9988.165420000025,0.0001371825504270574,1
9988.136110000025,0.00014011662069392158,1
9988.107200000024,0.00014301064906028124,1
9988.078520000025,0.00014588165333364597,1
9988.051580000025,0.00014857847533940644,1
9988.024620000026,0.00015127729944014662,1
9987.998340000026,0.00015390805230993814,1
9987.972500000025,0.00015649475908908363,1
9987.947080000025,0.00015903942187256285,1
9987.920620000026,0.00016168819359753587,1
9987.893840000026,0.00016436899884309455,1
9987.867610000027,0.0001669947464752547,1
9987.842790000026,0.00016947934640788612,1
9987.818910000025,0.0001718698478741044,1
9987.795400000025,0.00017422331058228771,1
9987.772550000025,0.00017651070415431998,1
9987.749820000025,0.00017878608515629194,1
9987.727310000024,0.0001810394431129409,1
9987.704250000024,0.0001833478586828063,1
9987.680990000024,0.000185676295203015,1
9987.659050000024,0.0001878725934512857,1
9987.636620000023,0.00019011794302783376,1
9987.613990000023,0.00019238331355454303,1
9987.590810000023,0.00019470374169465083,1
9987.567930000023,0.00019699413840933473,1
9987.545630000022,0.00019922647436815055,1
9987.523190000022,0.00020147282499218845,1
9987.501060000022,0.00020368814314313053,1
9987.479360000023,0.00020586041625091648,1
9987.457860000022,0.0002080126684085412,1
9987.436400000022,0.00021016091637602444,1
9987.415080000022,0.0002122951496782856,1
9987.393900000023,0.00021441536831532466,1
9987.372870000023,0.00021652057123965177,1
9987.351720000022,0.00021863778673422127,1
9987.331030000023,0.00022070895404298298,1
9987.310320000022,0.00022278212344690651,1
9987.288780000023,0.00022493837979449064,1
9987.267550000022,0.00022706360366916105,1
9987.246150000023,0.0002292058453515231,1
9987.224730000024,0.00023135008912886484,1
9987.203410000024,0.000233484322431126,1
9987.182250000023,0.00023560253897318535,1
9987.161210000024,0.0002377087429450023,1
9987.140270000024,0.00023980493644173867,1
9987.120000000023,0.0002418340597550162,1
9987.098810000023,0.0002439552794395451,1
9987.077810000023,0.0002460574792214027,1
9987.056750000023,0.0002481656852881993,1
9987.035320000023,0.000250310930113213,1
9987.013940000023,2.1407754468756173e-06,1
9986.993300000022,4.207454830626876e-06,1
9986.972060000022,6.334212103378195e-06,1
9986.951280000021,8.414909661253752e-06,1
9986.930610000021,1.048459293938216e-05,1
9986.910290000022,1.2519230782199821e-05,1
9986.889280000021,1.4622958197513259e-05,1
9986.868120000021,1.6741705085076714e-05,1
9986.84676000002,1.88804779357009e-05,1
9986.82540000002,2.1019250786325083e-05,1
9986.803900000019,2.3172041811073566e-05,1
9986.782760000018,2.5288786102385584e-05,1
9986.761680000018,2.7399522604761173e-05,1
9986.740300000018,2.9540298051636792e-05,1
9986.719300000017,3.1643024168824516e-05,1
9986.698840000017,3.3691680185766475e-05,1
9986.677960000017,3.578239072508133e-05,1
9986.657460000017,3.783505193470829e-05,1
9986.636730000017,3.9910743001773126e-05,1
9986.615590000016,4.202748729308515e-05,1
9986.594630000016,4.412620821758787e-05,1
9986.573250000016,4.626698366446349e-05,1
9986.552210000016,4.837371497415407e-05,1
9986.530850000016,5.051248782477826e-05,1
9986.509430000016,5.265726846415674e-05,1
9986.488910000016,5.4711932270035135e-05,1
9986.468290000017,5.6776609057352824e-05,1
9986.447070000017,5.8901363733852713e-05,1
9986.425310000017,6.108018851041623e-05,1
9986.404550000017,6.315888347185822e-05,1
9986.385010000018,6.511542005886652e-05,1
9986.366510000018,6.696782163825044e-05,1
9986.349170000018,6.870407263213709e-05,1
9986.333210000017,7.030214448121432e-05,1
9986.316530000016,7.197230979716449e-05,1
9986.300380000017,7.358940631099462e-05,1
9986.285200000017,7.51093769042625e-05,1
9986.270630000017,7.656826831022246e-05,1
9986.256530000017,7.798009870318096e-05,1
9986.241750000017,7.946001737032737e-05,1
9986.226210000017,8.101603469703172e-05,1
9986.209830000018,8.265616106829972e-05,1
9986.193130000018,8.432832898050131e-05,1
9986.176210000018,8.602252545201508e-05,1
9986.158870000017,8.775877644590174e-05,1
9986.140910000018,8.955710792503989e-05,1
9986.123370000018,9.131338488198728e-05,1
9986.105110000017,9.314175530580758e-05,1
9986.086330000016,9.50221932334401e-05,1
9986.068790000016,9.67784701903875e-05,1
9986.051780000016,9.848167834521483e-05,1
9986.034310000015,0.00010023094621510008,1
9986.015650000016,0.00010209936856485972,1
9985.997770000016,0.00010388968965881001,1
9985.980630000016,0.00010560591468963594,1
9985.962630000016,0.00010740825136145908,1
9985.944300000016,0.00010924363087234155,1
9985.925600000015,0.00011111605841478619,1
9985.906920000016,0.00011298648336079728,1
9985.888100000016,0.00011487092648093265,1
9985.868560000017,0.00011682746306794095,1
9985.849350000017,0.00011875095681607208,1
9985.829500000016,0.00012073853364588826,1
9985.810000000016,0.0001226910650403937,1
9985.790480000016,0.00012464559903115055,1
9985.770640000015,0.00012663217456284102,1
9985.749200000015,0.00012877895779865307,1
9985.728090000015,0.0001308926981954058,1
9985.707170000014,0.00013298741392740566,1
9985.686570000014,0.00013505008811847194,1
9985.665060000014,0.00013720388044134613,1
9985.643980000013,0.00013931461694372172,1
9985.621190000013,0.00014159657542996604,1
9985.598490000013,0.00014386952223271465,1
9985.576490000012,0.0001460723781650239,1
9985.554310000012,0.0001482932574639603,1
9985.531670000013,0.00015056019647777247,1
9985.509230000012,0.00015280710952870604,1
9985.486420000012,0.0001550910706112018,1
9985.463160000012,0.00015742009011044758,1
9985.439890000012,0.0001597501109078191,1
9985.416620000013,0.0001620801317051906,1
9985.393940000013,0.0001643510759116878,1
9985.371220000012,0.00016662602531086998,1
9985.348780000011,0.00016887293836180355,1
9985.326500000012,0.00017110383064217926,1
9985.303950000012,0.00017336175797267784,1
9985.281700000012,0.00017558964635867638,1
9985.259710000013,0.0001777915009926778,1
9985.237880000013,0.00017997733485630344,1
9985.216200000013,0.0001821481492476791,1
9985.194460000013,0.00018432497142799117,1
9985.173040000014,0.00018646975206736965,1
9985.151700000015,0.0001886065223215603,1
9985.130360000016,0.0001907432925757509,1
9985.108500000015,0.00019293213033393585,1
9985.086420000014,2.2112929469561595e-06,1
9985.065240000014,4.332451670442344e-06,1
9985.043970000015,6.462623816220875e-06,1
9985.023120000014,8.550733324574399e-06,1
9985.002660000015,1.059978466935747e-05,1
9984.982170000014,1.2651840488359438e-05,1
9984.961910000015,1.4680862005684497e-05,1
9984.941230000015,1.6751946160616733e-05,1
9984.920740000014,1.88040019796187e-05,1
9984.899800000014,2.090112491026457e-05,1
9984.878960000015,2.298823292709035e-05,1
9984.858420000015,2.5045296202820194e-05,1
9984.837960000015,2.7094347547603268e-05,1
9984.818020000015,2.909132134114124e-05,1
9984.797980000016,3.109831004831714e-05,1
9984.777640000017,3.313534349658897e-05,1
9984.757180000017,3.518439484137204e-05,1
9984.736880000017,3.721742232426157e-05,1
9984.716320000016,3.927648858286473e-05,1
9984.695600000015,4.135157870336144e-05,1
9984.675060000016,4.340864197909128e-05,1
9984.654120000016,4.550576490973715e-05,1
9984.632880000016,4.763293258147896e-05,1
9984.612200000016,4.97040167364112e-05,1
9984.591780000015,5.174906211581197e-05,1
9984.572580000015,5.3671925547955675e-05,1
9984.554220000015,5.551066370488503e-05,1
9984.536920000015,5.7243243776450876e-05,1
9984.518780000015,5.905994912323107e-05,1
9984.499920000015,6.094876184871437e-05,1
9984.480110000015,6.293271625439553e-05,1
9984.459830000014,6.49637407545939e-05,1
9984.439590000015,6.699075928922781e-05,1
9984.419240000014,6.90287942290274e-05,1
9984.400060000014,7.094965467829778e-05,1
9984.381060000014,7.285248828298348e-05,1
9984.362160000015,7.47453069738491e-05,1
9984.342700000016,7.669420918152427e-05,1
9984.322980000015,7.866915016491307e-05,1
9984.303200000015,8.06501000965575e-05,1
9984.283490000014,8.262403958860074e-05,1
9984.264250000015,8.455090898612675e-05,1
9984.244970000014,8.648178434921724e-05,1
9984.224980000014,8.848376559966525e-05,1
9984.204320000013,9.055284677190633e-05,1
9984.183760000013,9.26119130305095e-05,1
9984.162310000012,9.47601120210549e-05,1
9984.140590000012,9.69353512786595e-05,1
9984.119440000011,9.905350552810896e-05,1
9984.098840000011,0.00010111657775209443,1
9984.079020000012,0.00010310153364912115,1
9984.060000000012,0.000105006370236498,1
9984.042090000012,0.00010680004128178346,1
9984.022450000011,0.0001087669703342255,1
9984.002410000012,0.00011077395904140139,1
9983.982470000012,0.00011277093283493937,1
9983.962750000012,0.00011474587381832817,1
9983.94183000001,0.0001168409937662829,1
9983.919630000011,0.00011906430460956813,1
9983.898250000011,0.00012120549316051232,1
9983.87753000001,0.00012328058328100902,1
9983.855630000011,0.00012547384938319832,1
9983.832990000012,0.00012774122584678188,1
9983.811790000012,0.00012986438755295922,1
9983.789650000013,0.00013208168944798884,1
9983.767730000014,0.00013427695853286927,1
9983.745670000015,0.0001364862484969521,1
9983.723730000014,0.00013868352056470588,1
9983.701720000014,0.00014088780307206086,1
9983.679290000013,0.000143134148217023,1
9983.656460000013,0.00014542055301671898,1
9983.633570000013,0.0001477129667646706,1
9983.611290000013,0.00014994428953890262,1
9983.588410000013,0.00015223570179550864,1
9983.566250000013,0.0001544550066734116,1
9983.543930000013,0.00015669033541320805,1
9983.521350000012,0.00015895170292871817,1
9983.499440000012,0.00016114597052225305,1
9983.477910000012,0.0001633021814437452,1
9983.456270000012,0.00016546940877040304,1
9983.434790000012,0.00016762061223498515,1
9983.413390000012,0.0001697638037686205,1
9983.391800000012,0.0001719260236383683,1
9983.370410000012,0.00017406821368065806,1
9983.349010000013,0.00017621140521429342,1
9983.327410000013,0.00017837462657538676,1
9983.306190000012,0.00018049979126443742,1
9983.285030000012,0.00018261894700523246,1
9983.263750000011,0.00018475012064253873,1
9983.24246000001,0.00018688229577119058,1
9983.221620000011,0.00018896940378801636,1
9983.200810000011,0.0001910535073308054,1
9983.18017000001,0.00019312058552035534,1
9983.159330000011,0.00019520769353718114,1
9983.138490000012,0.0001972948015540069,1
9983.117690000012,0.00019937790360545038,1
9983.097460000012,2.0264210668724687e-06,1
9983.077060000012,4.069870882140211e-06,1
9983.057100000013,6.069246289646604e-06,1
9983.037570000013,8.025548980452286e-06,1
9983.018090000012,9.976843215954774e-06,1
9982.997970000013,1.19922456807958e-05,1
9982.978610000013,1.393151962320621e-05,1
9982.958930000013,1.5902847680285887e-05,1
9982.939770000014,1.78220878009369e-05,1
9982.920290000013,1.9773382036439388e-05,1
9982.900650000012,2.174070332927651e-05,1
9982.880850000012,2.372405167944827e-05,1
9982.860910000012,2.5721423704833385e-05,1
9982.841150000013,2.770076529058038e-05,1
9982.821390000014,2.9680106876327375e-05,1
9982.801430000014,3.1679482283833766e-05,1
9982.781230000013,3.370289827752432e-05,1
9982.761110000014,3.571830074236535e-05,1
9982.740930000014,3.773971335375242e-05,1
9982.721250000015,3.971104141083209e-05,1
9982.702190000015,4.162026462069451e-05,1
9982.682890000015,4.3553528416558876e-05,1
9982.664270000014,4.5418677218659946e-05,1
9982.645830000014,4.7265795581122895e-05,1
9982.627350000013,4.91169207080106e-05,1
9982.609110000014,5.0944005248714155e-05,1
9982.590610000014,5.279713375772314e-05,1
9982.571820000014,5.467931130821948e-05,1
9982.553210000015,5.6543458419077706e-05,1
9982.534610000015,5.840660383887529e-05,1
9982.515850000014,6.028577631618971e-05,1
9982.496710000014,6.220301305471944e-05,1
9982.476910000014,6.41863614048912e-05,1
9982.457120000014,6.616870806400232e-05,1
9982.437760000013,6.810798200641273e-05,1
9982.417660000014,7.012138108913247e-05,1
9982.397900000014,7.210072267487947e-05,1
9982.378650000015,7.402897801525844e-05,1
9982.358800000015,7.60173348209156e-05,1
9982.338240000014,7.807681169370018e-05,1
9982.317220000014,8.01823663563674e-05,1
9982.296520000014,8.225586690418313e-05,1
9982.275880000014,8.432335730563503e-05,1
9982.255860000014,8.632874285968746e-05,1
9982.236280000014,8.829005400597855e-05,1
9982.216460000014,9.027540573827158e-05,1
9982.196100000014,9.231484878929677e-05,1
9982.175520000013,9.437632904420263e-05,1
9982.154780000013,9.645383635644313e-05,1
9982.134430000013,9.849227771640767e-05,1
9982.113870000012,0.00010055175458919226,1
9982.093570000012,0.00010258518749367141,1
9982.073290000011,0.00010461661701602928,1
9982.05228000001,0.00010672116998763585,1
9982.031940000012,0.00010875860965635755,1
9982.011980000012,0.00011075798506386394,1
9981.990640000013,0.00011289559384120043,1
9981.968770000012,0.00011508629224620842,1
9981.944570000012,0.00011751038467417587,1
9981.920020000012,0.00011996953629017673,1
9981.895620000012,0.0001224136625399036,1
9981.869950000011,0.0001249850035576113,1
9981.844650000012,0.00012751928200498212,1
9981.818650000012,0.00013012367882841975,1
9981.792330000011,0.00013276012976670885,1
9981.76607000001,0.0001353905705584519,1
9981.74032000001,0.0001379699251048269,1
9981.71481000001,0.0001405252390650178,1
9981.68926000001,0.00014308455978963343,1
9981.66366000001,0.00014564888896973445,1
9981.63760000001,0.0001482592959397181,1
9981.61208000001,0.00015081561159096963,1
9981.586480000009,0.00015337994077107065,1
9981.56118000001,0.0001559142192184415,1
9981.53634000001,0.00015840241987592968,1
9981.51158000001,0.00016088260700475058,1
9981.486840000009,0.0001633607907514502,1
9981.46240000001,0.0001658089237654196,1
9981.43790000001,0.00016826306692593505,1
9981.41281000001,0.00017077630986048585,1
9981.38792000001,0.00017326951897345946,1
9981.36272000001,0.00017579378051004168,1
9981.33758000001,0.0001783120319000779,1
9981.31410000001,0.00018066400256985728,1
9981.29193000001,2.2211504194810785e-06,1
9981.27004000001,4.414248420473237e-06,1
9981.24758000001,6.6644531305060915e-06,1
9981.22503000001,8.923674689286889e-06,1
9981.20363000001,1.1067680957923436e-05,1
9981.18247000001,1.3187642296504726e-05,1
9981.161210000011,1.5317622355896814e-05,1
9981.140230000012,1.741954999679998e-05,1
9981.119330000012,1.951346266101806e-05,1
9981.098510000013,2.1599360348551055e-05,1
9981.076960000013,2.3758394698494918e-05,1
9981.055830000014,2.58753504207054e-05,1
9981.034460000013,2.1410560530236223e-06,1
9981.013220000013,4.269087431847631e-06,1
9980.991550000013,6.44020042521975e-06,1
9980.971280000012,8.471047696904805e-06,1
9980.950260000012,1.05770373194611e-05,1
9980.928460000012,1.2761174987032833e-05,1
9980.906660000011,1.4945312654604565e-05,1
9980.884260000012,1.718956420287329e-05,1
9980.862320000011,1.938772844263195e-05,1
9980.841060000012,2.1517763617430594e-05,1
9980.818920000012,2.3735965817300094e-05,1
9980.797130000012,2.5919101586884508e-05,1
9980.775310000012,2.8105243050430872e-05,1
9980.753650000011,3.0275354145815674e-05,1
9980.731870000012,3.2457488017230527e-05,1
9980.709970000013,3.465164466485768e-05,1
9980.687940000013,3.6858825986684444e-05,1
9980.666500000012,3.900689532580153e-05,1
9980.644660000013,4.119504058532253e-05,1
9980.623040000013,4.3361144088575815e-05,1
9980.601420000014,4.5527247591829105e-05,1
9980.579920000013,4.768132831905234e-05,1
9980.557920000012,4.988550394691715e-05,1
9980.536410000012,5.2040586572127706e-05,1
9980.515670000012,5.411852305031014e-05,1
9980.495710000012,5.6118311483477134e-05,1
9980.476370000011,5.805598223997251e-05,1
9980.457270000012,5.996960744404328e-05,1
9980.438850000011,6.181510358333629e-05,1
9980.421650000011,6.353836816507843e-05,1
9980.405160000011,6.51904979878986e-05,1
9980.388960000011,6.681357276835759e-05,1
9980.373740000012,6.833846154350807e-05,1
9980.358600000012,6.985533513457775e-05,1
9980.342710000012,7.144735107670092e-05,1
9980.328420000013,7.287906333666173e-05,1
9980.315200000012,7.420357250942814e-05,1
9980.301720000012,7.555413103041154e-05,1
9980.289020000013,7.68265415063795e-05,1
9980.277000000013,7.80308229175697e-05,1
9980.264740000013,7.925914988100223e-05,1
9980.252470000014,8.048847874242208e-05,1
9980.239800000014,8.17578835244281e-05,1
9980.227620000014,8.297819530377985e-05,1
9980.215280000015,8.421453745129318e-05,1
9980.202150000016,8.553002954180925e-05,1
9980.188970000016,8.685053112244416e-05,1
9980.176260000015,8.812394349658168e-05,1
9980.162710000015,8.948151530365856e-05,1
9980.149090000015,9.084610039682889e-05,1
9980.135730000015,9.218463614178223e-05,1
9980.121410000014,9.361935409588721e-05,1
9980.107430000015,9.502000751751219e-05,1
9980.093370000015,9.642867612321795e-05,1
9980.078610000015,9.790747758985836e-05,1
9980.063740000014,9.939729993472376e-05,1
9980.048660000015,0.0001009081621376873,1
9980.033040000015,0.00010247312683342394,1
9980.018260000015,0.00010395393209603898,1
9980.003610000016,0.00010542171268445441,1
9979.988950000015,0.00010689049517103941,1
9979.974350000015,0.00010835326626951826,1
9979.959580000015,0.00010983306963414599,1
9979.943190000015,0.00011147518047691075,1
9979.926990000014,0.00011309825525736973,1
9979.910710000015,0.00011472934522190951,1
9979.894410000015,0.0001163624389824239,1
9979.877930000015,0.00011801356690725676,1
9979.860730000015,0.0001197368314889989,1
9979.843530000015,0.00012146009607074104,1
9979.826400000014,0.0001231763473663897,1
9979.809410000014,0.00012487857208985146,1
9979.791900000015,0.00012663289550992942,1
9979.774580000014,0.00012836818286788386,1
9979.757400000013,0.00013008944365365137,1
9979.740870000012,0.00013174558106860304,1
9979.724530000012,0.00013338268242124896,1
9979.708090000013,0.0001350298027539503,1
9979.691580000013,0.0001366839363727451,1
9979.675580000014,0.00013828697319291102,1
9979.659910000013,0.00013985694737876647,1
9979.643910000013,0.0001414599841989324,1
9979.628150000013,0.00014303897546685595,1
9979.612330000013,0.00014462397812288567,1
9979.596720000012,0.00014618794092063496,1
9979.580980000012,0.0001477649283925839,1
9979.565300000011,0.00014933590447642668,1
9979.549640000012,0.00015090487676411258,1
9979.533900000011,0.0001524818642360615,1
9979.517960000012,0.00015407888966812128,1
9979.501840000012,0.00015569394926449949,1
9979.485370000011,0.000157344075291345,1
9979.468670000011,0.00015901724497244558,1
9979.452110000011,0.0001606763880813592,1
9979.435390000011,0.00016235156155843441,1
9979.418620000011,0.00016403174452562843,1
9979.40136000001,1.7295596725386356e-06,1
9979.38350000001,3.5192430879766987e-06,1
9979.36572000001,5.3009100043736565e-06,1
9979.348500000011,7.026461427300602e-06,1
9979.33232000001,8.647798362510904e-06,1
9979.31685000001,1.0197988868526337e-05,1
9979.30097000001,1.1789263932286925e-05,1
9979.284800000009,1.3409598805139872e-05,1
9979.268980000008,1.4994861494574062e-05,1
9979.253350000008,1.6561084998671705e-05,1
9979.237470000007,1.8152360062432295e-05,1
9979.220650000007,1.9837828990153714e-05,1
9979.204810000007,2.142509580430261e-05,1
9979.189110000007,2.2998333745084007e-05,1
9979.173680000007,2.4544516001487748e-05,1
9979.158160000006,2.6099716819472227e-05,1
9979.142410000006,2.7677965072222663e-05,1
9979.126990000006,2.9223145266269054e-05,1
9979.111720000006,3.0753294524590584e-05,1
9979.095940000007,3.2334548964413084e-05,1
9979.080840000006,3.384766316229505e-05,1
9979.066500000006,3.5284620619013107e-05,1
9979.051830000006,3.6754646134435216e-05,1
9979.037270000006,3.821364896356188e-05,1
9979.023450000006,3.959849917642161e-05,1
9979.008810000007,4.106551850458938e-05,1
9978.994570000006,4.2492455337551625e-05,1
9978.980320000006,4.392039423287122e-05,1
9978.967420000006,4.521305470648483e-05,1
9978.954500000007,4.650771930481315e-05,1
9978.941680000007,4.779236327938565e-05,1
9978.929290000007,4.9033918571498294e-05,1
9978.915640000007,5.040173372391846e-05,1
9978.901740000007,5.17946004358193e-05,1
9978.886890000007,5.3282663074038326e-05,1
9978.872720000007,5.470258547031681e-05,1
9978.859380000007,5.603933668874764e-05,1
9978.845460000008,5.7434207525363186e-05,1
9978.830620000008,5.8921268101224856e-05,1
9978.816140000008,6.0372254431310416e-05,1
9978.800980000007,6.189138100351878e-05,1
9978.785630000008,6.342954676088142e-05,1
9978.770210000008,6.49747269549278e-05,1
9978.754640000008,6.653493808469906e-05,1
9978.739590000008,6.804304197061198e-05,1
9978.724470000008,6.955816029320865e-05,1
9978.709220000008,7.108630542681547e-05,1
9978.693810000008,7.263048355850452e-05,1
9978.677630000007,7.425182049371482e-05,1
9978.660400000008,7.597837397899912e-05,1
9978.643540000008,7.766785115614994e-05,1
9978.626960000009,7.932927058656578e-05,1
9978.609770000008,8.105181582242067e-05,1
9978.593050000009,8.272726412620399e-05,1
9978.576470000009,8.438868355661983e-05,1
9978.56103000001,8.593586787538092e-05,1
9978.54732000001,8.730969540194522e-05,1
9978.53364000001,8.868051674143744e-05,1
9978.51940000001,9.010745357439969e-05,1
9978.50624000001,9.14261676700336e-05,1
9978.49195000001,9.28581148147826e-05,1
9978.47793000001,9.426300627533624e-05,1
9978.46338000001,9.572100704210555e-05,1
9978.44867000001,9.719504080695706e-05,1
9978.433970000011,9.866807250945123e-05,1
9978.41871000001,0.00010019721970541542,1
9978.40355000001,0.00010171634627762378,1
9978.38922000001,0.00010315230167198448,1
9978.37470000001,0.00010460729625168172,1
9978.36136000001,0.00010594404747011256,1
9978.34856000001,0.00010722668731997035,1
9978.335920000009,0.00010849329417174593,1
9978.323710000008,0.00010971681234106166,1
9978.311580000009,0.00011093231401115401,1
9978.298990000008,0.00011219391055096055,1
9978.286220000009,0.000113473544213564,1
9978.27382000001,0.000114716101568034,1
9978.261670000009,0.00011593360736302332,1
9978.249740000008,0.00011712906778560404,1
9978.237770000009,0.00011832853645761418,1
9978.22594000001,0.0001195139762562568,1
9978.214290000009,0.00012068137893210251,1
9978.202550000009,0.00012185780016934668,1
9978.190890000009,0.00012302620490754976,1
9978.179110000008,0.0001242066343944056,1
9978.167260000007,0.00012539407831794523,1
9978.155510000008,0.00012657150161754675,1
9978.143770000008,0.00012774792285479093,1
9978.132310000008,0.0001288962863453001,1
9978.120450000008,0.00013008473233119705,1
9978.108610000008,0.00013127117419219704,1
9978.096690000008,0.0001324656325524204,1
9978.085010000008,0.00013363604141533817,1
9978.073730000007,0.0001347663677830504,1
9978.062320000008,0.00013590972096159053,1
9978.051130000009,0.00013703102876772206,1
9978.03995000001,1.12045928146219e-06,1
9978.029670000009,2.1507205886540316e-06,1
9978.01927000001,3.1930082923058735e-06,1
9978.00881000001,4.241309194278865e-06,1
9977.99826000001,5.298629893824731e-06,1
9977.98710000001,6.417084775907304e-06,1
9977.97634000001,7.495451669303745e-06,1
9977.96616000001,8.515690979232904e-06,1
9977.957920000012,9.34150354441715e-06,1
9977.949780000012,1.0157294112521014e-05,1
9977.941940000012,1.0943018689201428e-05,1
9977.934100000011,1.1728743265881844e-05,1
9977.926300000012,1.2510459043620724e-05,1
9977.918650000012,1.3277141825647882e-05,1
9977.911680000012,1.3975675027127373e-05,1
9977.905080000011,1.4637126839172456e-05,1
9977.897880000011,1.535871063406444e-05,1
9977.89071000001,1.6077287829886995e-05,1
9977.88415000001,1.6734730842990546e-05,1
9977.87703000001,1.7448297040181765e-05,1
9977.86991000001,1.816186323737298e-05,1
9977.86349000001,1.8805275454454616e-05,1
9977.85681000001,1.9474744864200464e-05,1
9977.84999000001,2.015824506996823e-05,1
9977.843830000009,2.077560009456795e-05,1
9977.838450000008,2.1314783541357318e-05,1
9977.832330000008,2.1928129767015504e-05,1
9977.825590000008,2.2603612375082504e-05,1
9977.817510000008,2.3413389744865217e-05,1
9977.810210000009,2.4144995536837583e-05,1
9977.80313000001,2.4854552935087266e-05,1
9977.795460000008,2.562324011667634e-05,1
9977.787860000008,2.6384911900254455e-05,1
9977.780160000008,2.715660568091295e-05,1
9977.772180000007,2.7956361053615284e-05,1
9977.764440000008,2.8732063633033015e-05,1
9977.756840000007,2.949373541661113e-05,1
9977.748600000008,3.0319547981795376e-05,1
9977.741830000008,3.09980371889318e-05,1
9977.735290000008,3.1653475802655735e-05,1
9977.729710000009,3.2212703243605875e-05,1
9977.725670000009,3.261759192849723e-05,1
9977.72089000001,3.30966433922574e-05,1
9977.71475000001,3.37119940172952e-05,1
9977.70851000001,3.433736663959569e-05,1
9977.70233000001,3.495672606357502e-05,1
9977.695070000009,3.5684323056788154e-05,1
9977.687440000009,3.64490014394357e-05,1
9977.679550000008,3.723973701474745e-05,1
9977.671850000008,3.801143079540595e-05,1
9977.663900000009,3.8808179568856555e-05,1
9977.657370000008,3.946261598289068e-05,1
9977.650130000007,4.01882085767242e-05,1
9977.643200000008,4.088273297926216e-05,1
9977.636160000007,4.1588281578752606e-05,1
9977.629830000007,4.222267399844366e-05,1
9977.624570000007,4.2749831048590736e-05,1
9977.618170000007,4.339123886629275e-05,1
9977.612510000006,4.395848390512595e-05,1
9977.606570000007,4.455379053582069e-05,1
9977.601230000007,4.508896518366853e-05,1
9977.595150000008,4.5698302610385184e-05,1
9977.589090000009,4.630563563772222e-05,1
9977.583350000008,4.6880898274256185e-05,1
9977.577810000008,4.743611691644709e-05,1
9977.571910000008,4.802741474838259e-05,1
9977.566160000008,4.860367958460637e-05,1
9977.560190000007,4.920199281455283e-05,1
9977.555110000007,4.971111026991875e-05,1
9977.550720000007,5.01510759448649e-05,1
9977.545120000006,5.071230778537695e-05,1
9977.539920000007,5.123345163720287e-05,1
9977.533740000006,5.185281106118221e-05,1
9977.527650000005,5.2463150687770966e-05,1
9977.521700000005,5.305945951833781e-05,1
9977.515020000004,5.372892892808366e-05,1
9977.508710000004,5.4361316948395104e-05,1
9977.501630000004,5.507087434664479e-05,1
9977.494550000005,5.578043174489447e-05,1
9977.486430000004,5.6594217913618716e-05,1
9977.478720000005,5.736691389396702e-05,1
9977.471460000004,5.809451088718015e-05,1
9977.464500000004,5.8792041888969834e-05,1
9977.457600000003,5.948355969243837e-05,1
9977.450560000003,6.018910829192882e-05,1
9977.443510000003,6.089565909110908e-05,1
9977.436470000002,6.160120769059952e-05,1
9977.429370000002,6.231276948841112e-05,1
9977.421540000001,6.309749186540173e-05,1
9977.413770000001,6.387620104407118e-05,1
9977.40557,6.46980048104962e-05,1
9977.39709,6.554787016896504e-05,1
9977.388990000001,6.635965193812738e-05,1
9977.38145,6.711531052338435e-05,1
9977.37411,6.785092511429825e-05,1
9977.367310000001,6.853242092050409e-05,1
9977.361350000001,5.973519682331767e-07,1
9977.35483,1.2508309670753052e-06,1
9977.34801,1.934378017977283e-06,1
9977.34073,2.6640294153467223e-06,1
9977.33351,3.387667202267729e-06,1
9977.32725,4.015087222560755e-06,1
9977.32041,4.700638810218106e-06,1
9977.31417,5.326054293755759e-06,1
9977.30811,5.933428945948115e-06,1
9977.30197,6.548821745344277e-06,1
9977.29636,7.111094319446859e-06,1
9977.29024,7.724482582087648e-06,1
9977.28397,8.352904870758359e-06,1
9977.277670000001,8.984333964562133e-06,1
9977.27108,9.64482884223038e-06,1
9977.26438,1.0316348672235494e-05,1
9977.257380000001,1.1017936554300456e-05,1
9977.250390000001,1.1718522167987733e-05,1
9977.24342,1.2417103244919636e-05,1
9977.23672,1.308862307492475e-05,1
9977.229490000002,1.3813263130223442e-05,1
9977.222480000002,1.4515853280666092e-05,1
9977.215450000002,1.5220447968046428e-05,1
9977.208790000002,1.5887958724358483e-05,1
9977.202520000003,1.6516381013029194e-05,1
9977.195960000003,1.717386908538207e-05,1
9977.188710000002,1.790051367761845e-05,1
9977.180950000002,1.8678273958393036e-05,1
9977.172410000001,1.9534211174632617e-05,1
9977.164530000002,2.0323998676121755e-05,1
9977.155760000001,2.1202988065595066e-05,1
9977.147880000002,2.1992775567084203e-05,1
9977.141110000002,2.2671311275915434e-05,1
9977.133550000002,2.3429026188589348e-05,1
9977.124770000002,2.4309017846440346e-05,1
9977.114930000002,2.5295249955060818e-05,1
9977.104910000002,2.629952289484427e-05,1
9977.094290000003,2.7363931938747424e-05,1
9977.084500000003,2.834515270529715e-05,1
9977.073930000002,2.9404550407311866e-05,1
9977.063490000002,3.0450918620052034e-05,1
9977.052990000002,3.150330044324063e-05,1
9977.042350000002,3.256971402408147e-05,1
9977.031550000002,3.365216389932992e-05,1
9977.021730000002,3.463639147101271e-05,1
9977.012190000003,3.5592555527391016e-05,1
9977.012190000003,3.5592555527391016e-05,1
